header,name,epochtime,count_ns_mixture,count_ns_random,count_ns_primer_dropout,mix_parent1,mix_parent2
>1:03-04-2021:0,1,1617404400,0,0,0,,
>2:11-03-2020:0,2,1583884800,0,0,0,,
>3:05-10-2020:0,3,1601852400,0,0,0,,
>4:12-06-2020:0,4,1591916400,0,0,0,,
>5:19-06-2021:0,5,1624057200,0,0,0,,
>6:16-06-2020:0,6,1592262000,0,0,0,,
>7:23-11-2020:0,7,1606089600,0,0,0,,
>8:18-11-2020:0,8,1605657600,0,0,0,,
>9:27-09-2020:0,9,1601161200,0,0,0,,
>10:28-02-2021:0,10,1614470400,0,0,0,,
>11:19-11-2020:0,11,1605744000,0,0,0,,
>12:12-06-2021:0,12,1623452400,0,0,0,,
>13:03-02-2021:0,13,1612310400,0,0,0,,
>14:22-09-2020:0,14,1600729200,0,0,0,,
>15:15-03-2021:0,15,1615766400,0,0,0,,
>16:28-07-2020:0,16,1595890800,0,0,0,,
>17:23-12-2020:0,17,1608681600,0,0,0,,
>18:15-03-2021:0,18,1615766400,0,0,0,,
>19:18-12-2020:0,19,1608249600,0,0,0,,
>20:29-06-2020:0,20,1593385200,0,0,0,,
>21:19-08-2020:0,21,1597791600,0,0,0,,
>22:09-08-2020:0,22,1596927600,0,0,0,,
>23:18-10-2020:0,23,1602975600,0,0,0,,
>24:31-10-2020:0,24,1604102400,0,0,0,,
>25:06-07-2020:0,25,1593990000,0,0,0,,
>26:27-04-2021:0,26,1619478000,0,0,0,,
>27:09-01-2021:0,27,1610150400,0,0,0,,
>28:24-07-2020:0,28,1595545200,0,0,0,,
>29:16-03-2021:0,29,1615852800,0,0,0,,
>30:11-06-2021:0,30,1623366000,0,0,0,,
>31:19-03-2021:0,31,1616112000,0,0,0,,
>32:02-06-2020:0,32,1591052400,0,0,0,,
>33:15-10-2020:0,33,1602716400,0,0,0,,
>34:08-06-2021:0,34,1623106800,0,0,0,,
>35:21-06-2021:0,35,1624230000,0,0,0,,
>36:10-02-2021:0,36,1612915200,0,0,0,,
>37:22-07-2020:0,37,1595372400,0,0,0,,
>38:07-05-2021:0,38,1620342000,0,0,0,,
>39:15-01-2021:0,39,1610668800,0,0,0,,
>40:26-09-2020:0,40,1601074800,0,0,0,,
>41:03-12-2020:0,41,1606953600,0,0,0,,
>42:06-04-2021:0,42,1617663600,0,0,0,,
>43:23-01-2021:0,43,1611360000,0,0,0,,
>44:18-03-2021:0,44,1616025600,0,0,0,,
>45:06-04-2020:0,45,1586127600,0,0,0,,
>46:09-03-2021:0,46,1615248000,0,0,0,,
>47:18-05-2021:0,47,1621292400,0,0,0,,
>48:17-06-2021:0,48,1623884400,0,0,0,,
>49:20-02-2021:0,49,1613779200,0,0,0,,
>50:05-02-2021:0,50,1612483200,0,0,0,,
>51:05-12-2020:0,51,1607126400,0,0,0,,
>52:25-10-2020:0,52,1603580400,0,0,0,,
>53:28-12-2020:0,53,1609113600,0,0,0,,
>54:02-12-2020:0,54,1606867200,0,0,0,,
>55:31-01-2021:0,55,1612051200,0,0,0,,
>56:13-04-2021:0,56,1618268400,0,0,0,,
>57:11-12-2020:0,57,1607644800,0,0,0,,
>58:15-04-2021:0,58,1618441200,0,0,0,,
>59:05-12-2020:0,59,1607126400,0,0,0,,
>60:19-01-2021:0,60,1611014400,0,0,0,,
>61:07-02-2021:0,61,1612656000,0,0,0,,
>62:07-05-2021:0,62,1620342000,0,0,0,,
>63:05-06-2021:0,63,1622847600,0,0,0,,
>64:07-06-2020:0,64,1591484400,0,0,0,,
>65:23-04-2021:0,65,1619132400,0,0,0,,
>66:07-06-2021:0,66,1623020400,0,0,0,,
>67:15-04-2021:0,67,1618441200,0,0,0,,
>68:04-06-2020:0,68,1591225200,0,0,0,,
>69:07-10-2020:0,69,1602025200,0,0,0,,
>70:01-10-2020:0,70,1601506800,0,0,0,,
>71:06-10-2020:0,71,1601938800,0,0,0,,
>72:20-10-2020:0,72,1603148400,0,0,0,,
>73:25-06-2021:0,73,1624575600,0,0,0,,
>74:18-03-2021:0,74,1616025600,0,0,0,,
>75:04-07-2020:0,75,1593817200,0,0,0,,
>76:05-01-2021:0,76,1609804800,0,0,0,,
>77:02-07-2021:0,77,1625180400,0,0,0,,
>78:19-11-2020:0,78,1605744000,0,0,0,,
>79:04-04-2021:0,79,1617490800,0,0,0,,
>80:10-12-2020:0,80,1607558400,0,0,0,,
>81:09-06-2020:0,81,1591657200,0,0,0,,
>82:24-12-2020:0,82,1608768000,0,0,0,,
>83:04-09-2020:0,83,1599174000,0,0,0,,
>84:21-09-2020:0,84,1600642800,0,0,0,,
>85:06-12-2020:0,85,1607212800,0,0,0,,
>86:24-03-2021:0,86,1616544000,0,0,0,,
>87:06-06-2021:0,87,1622934000,0,0,0,,
>88:21-06-2020:0,88,1592694000,0,0,0,,
>89:29-08-2020:0,89,1598655600,0,0,0,,
>90:23-03-2021:0,90,1616457600,0,0,0,,
>91:21-02-2021:0,91,1613865600,0,0,0,,
>92:05-03-2021:0,92,1614902400,0,0,0,,
>93:03-05-2021:0,93,1619996400,0,0,0,,
>94:25-07-2020:0,94,1595631600,0,0,0,,
>95:05-06-2021:0,95,1622847600,0,0,0,,
>96:14-05-2021:0,96,1620946800,0,0,0,,
>97:13-07-2020:0,97,1594594800,0,0,0,,
>98:23-03-2021:0,98,1616457600,0,0,0,,
>99:21-03-2021:0,99,1616284800,0,0,0,,
>100:06-05-2021:0,100,1620255600,0,0,0,,
>101:21-05-2021:0,101,1621551600,0,0,0,,
>102:30-11-2020:0,102,1606694400,0,0,0,,
>103:22-06-2021:0,103,1624316400,0,0,0,,
>104:16-08-2020:0,104,1597532400,0,0,0,,
>105:24-10-2020:0,105,1603494000,0,0,0,,
>106:16-11-2020:0,106,1605484800,0,0,0,,
>107:08-08-2020:0,107,1596841200,0,0,0,,
>108:24-09-2020:0,108,1600902000,0,0,0,,
>109:11-06-2021:0,109,1623366000,0,0,0,,
>110:24-03-2021:0,110,1616544000,0,0,0,,
>111:13-12-2020:0,111,1607817600,0,0,0,,
>112:18-04-2021:0,112,1618700400,0,0,0,,
>113:13-11-2020:0,113,1605225600,0,0,0,,
>114:24-10-2020:0,114,1603494000,0,0,0,,
>115:05-05-2020:0,115,1588633200,0,0,0,,
>116:20-01-2021:0,116,1611100800,0,0,0,,
>117:19-01-2021:0,117,1611014400,0,0,0,,
>118:25-04-2021:0,118,1619305200,0,0,0,,
>119:05-10-2020:0,119,1601852400,0,0,0,,
>120:10-12-2020:0,120,1607558400,0,0,0,,
>121:28-05-2020:0,121,1590620400,0,0,0,,
>122:12-11-2020:0,122,1605139200,0,0,0,,
>123:04-09-2020:0,123,1599174000,0,0,0,,
>124:24-08-2020:0,124,1598223600,0,0,0,,
>125:06-03-2021:0,125,1614988800,0,0,0,,
>126:24-04-2021:0,126,1619218800,0,0,0,,
>127:10-06-2021:0,127,1623279600,0,0,0,,
>128:25-04-2021:0,128,1619305200,0,0,0,,
>129:23-11-2020:0,129,1606089600,0,0,0,,
>130:27-10-2020:0,130,1603756800,0,0,0,,
>131:19-03-2021:0,131,1616112000,0,0,0,,
>132:21-06-2021:0,132,1624230000,0,0,0,,
>133:23-04-2021:0,133,1619132400,0,0,0,,
>134:31-01-2021:0,134,1612051200,0,0,0,,
>135:29-08-2020:0,135,1598655600,0,0,0,,
>136:29-04-2021:0,136,1619650800,0,0,0,,
>137:14-09-2020:0,137,1600038000,0,0,0,,
>138:03-11-2020:0,138,1604361600,0,0,0,,
>139:13-03-2021:0,139,1615593600,0,0,0,,
>140:10-07-2020:0,140,1594335600,0,0,0,,
>141:24-05-2021:0,141,1621810800,0,0,0,,
>142:19-11-2020:0,142,1605744000,0,0,0,,
>143:16-09-2020:0,143,1600210800,0,0,0,,
>144:01-10-2020:0,144,1601506800,0,0,0,,
>145:05-04-2021:0,145,1617577200,0,0,0,,
>146:06-09-2020:0,146,1599346800,0,0,0,,
>147:13-07-2020:0,147,1594594800,0,0,0,,
>148:25-02-2021:0,148,1614211200,0,0,0,,
>149:06-03-2020:0,149,1583452800,0,0,0,,
>150:22-10-2020:0,150,1603321200,0,0,0,,
>151:24-06-2021:0,151,1624489200,0,0,0,,
>152:09-02-2021:0,152,1612828800,0,0,0,,
>153:01-08-2020:0,153,1596236400,0,0,0,,
>154:13-06-2021:0,154,1623538800,0,0,0,,
>155:20-04-2021:0,155,1618873200,0,0,0,,
>156:06-05-2021:0,156,1620255600,0,0,0,,
>157:27-06-2020:0,157,1593212400,0,0,0,,
>158:16-06-2021:0,158,1623798000,0,0,0,,
>159:27-10-2020:0,159,1603756800,0,0,0,,
>160:18-01-2021:0,160,1610928000,0,0,0,,
>161:16-10-2020:0,161,1602802800,0,0,0,,
>162:30-05-2021:0,162,1622329200,0,0,0,,
>163:30-10-2020:0,163,1604016000,0,0,0,,
>164:19-03-2021:0,164,1616112000,0,0,0,,
>165:01-07-2021:0,165,1625094000,0,0,0,,
>166:04-06-2020:0,166,1591225200,0,0,0,,
>167:16-06-2021:0,167,1623798000,0,0,0,,
>168:13-05-2021:0,168,1620860400,0,0,0,,
>169:13-06-2020:0,169,1592002800,0,0,0,,
>170:30-11-2020:0,170,1606694400,0,0,0,,
>171:11-05-2020:0,171,1589151600,0,0,0,,
>172:19-12-2020:0,172,1608336000,0,0,0,,
>173:04-03-2020:0,173,1583280000,0,0,0,,
>174:28-04-2020:0,174,1588028400,0,0,0,,
>175:17-03-2021:0,175,1615939200,0,0,0,,
>176:28-05-2020:0,176,1590620400,0,0,0,,
>177:15-02-2021:0,177,1613347200,0,0,0,,
>178:04-07-2020:0,178,1593817200,0,0,0,,
>179:07-02-2021:0,179,1612656000,0,0,0,,
>180:05-11-2020:0,180,1604534400,0,0,0,,
>181:11-02-2021:0,181,1613001600,0,0,0,,
>182:18-01-2021:0,182,1610928000,0,0,0,,
>183:25-08-2020:0,183,1598310000,0,0,0,,
>184:19-04-2020:0,184,1587250800,0,0,0,,
>185:12-07-2020:0,185,1594508400,0,0,0,,
>186:10-07-2020:0,186,1594335600,0,0,0,,
>187:08-10-2020:0,187,1602111600,0,0,0,,
>188:18-12-2020:0,188,1608249600,0,0,0,,
>189:19-08-2020:0,189,1597791600,0,0,0,,
>190:07-05-2020:0,190,1588806000,0,0,0,,
>191:01-01-2021:0,191,1609459200,0,0,0,,
>192:17-03-2021:0,192,1615939200,0,0,0,,
>193:10-09-2020:0,193,1599692400,0,0,0,,
>194:12-06-2020:0,194,1591916400,0,0,0,,
>195:19-06-2021:0,195,1624057200,0,0,0,,
>196:16-09-2020:0,196,1600210800,0,0,0,,
>197:16-11-2020:0,197,1605484800,0,0,0,,
>198:27-08-2020:0,198,1598482800,0,0,0,,
>199:26-06-2020:0,199,1593126000,0,0,0,,
>200:04-02-2021:0,200,1612396800,0,0,0,,
>201:03-12-2020:0,201,1606953600,0,0,0,,
>202:17-11-2020:0,202,1605571200,0,0,0,,
>203:26-03-2021:0,203,1616716800,0,0,0,,
>204:04-01-2021:0,204,1609718400,0,0,0,,
>205:27-09-2020:0,205,1601161200,0,0,0,,
>206:06-04-2021:0,206,1617663600,0,0,0,,
>207:31-08-2020:0,207,1598828400,0,0,0,,
>208:06-06-2021:0,208,1622934000,0,0,0,,
>209:15-09-2020:0,209,1600124400,0,0,0,,
>210:03-01-2021:0,210,1609632000,0,0,0,,
>211:12-05-2021:0,211,1620774000,0,0,0,,
>212:15-05-2020:0,212,1589497200,0,0,0,,
>213:10-02-2021:0,213,1612915200,0,0,0,,
>214:08-07-2020:0,214,1594162800,0,0,0,,
>215:20-11-2020:0,215,1605830400,0,0,0,,
>216:04-01-2021:0,216,1609718400,0,0,0,,
>217:02-06-2021:0,217,1622588400,0,0,0,,
>218:26-05-2021:0,218,1621983600,0,0,0,,
>219:15-09-2020:0,219,1600124400,0,0,0,,
>220:30-05-2021:0,220,1622329200,0,0,0,,
>221:06-02-2021:0,221,1612569600,0,0,0,,
>222:26-01-2021:0,222,1611619200,0,0,0,,
>223:19-09-2020:0,223,1600470000,0,0,0,,
>224:01-07-2021:0,224,1625094000,0,0,0,,
>225:27-12-2020:0,225,1609027200,0,0,0,,
>226:29-07-2020:0,226,1595977200,0,0,0,,
>227:24-04-2021:0,227,1619218800,0,0,0,,
>228:28-01-2021:0,228,1611792000,0,0,0,,
>229:01-04-2021:0,229,1617231600,0,0,0,,
>230:24-09-2020:0,230,1600902000,0,0,0,,
>231:06-10-2020:0,231,1601938800,0,0,0,,
>232:04-12-2020:0,232,1607040000,0,0,0,,
>233:26-10-2020:0,233,1603670400,0,0,0,,
>234:01-06-2020:0,234,1590966000,0,0,0,,
>235:23-11-2020:0,235,1606089600,0,0,0,,
>236:05-01-2021:0,236,1609804800,0,0,0,,
>237:24-07-2020:0,237,1595545200,0,0,0,,
>238:05-01-2021:0,238,1609804800,0,0,0,,
>239:22-03-2020:0,239,1584835200,0,0,0,,
>240:02-04-2020:0,240,1585782000,0,0,0,,
>241:26-08-2020:0,241,1598396400,0,0,0,,
>242:24-02-2021:0,242,1614124800,0,0,0,,
>243:31-10-2020:0,243,1604102400,0,0,0,,
>244:12-03-2021:0,244,1615507200,0,0,0,,
>245:30-03-2020:0,245,1585522800,0,0,0,,
>246:19-09-2020:0,246,1600470000,0,0,0,,
>247:28-04-2021:0,247,1619564400,0,0,0,,
>248:27-02-2021:0,248,1614384000,0,0,0,,
>249:22-10-2020:0,249,1603321200,0,0,0,,
>250:26-08-2020:0,250,1598396400,0,0,0,,
>251:14-06-2021:0,251,1623625200,0,0,0,,
>252:19-10-2020:0,252,1603062000,0,0,0,,
>253:28-04-2021:0,253,1619564400,0,0,0,,
>254:14-07-2020:0,254,1594681200,0,0,0,,
>255:15-09-2020:0,255,1600124400,0,0,0,,
>256:25-05-2021:0,256,1621897200,0,0,0,,
>257:21-06-2020:0,257,1592694000,0,0,0,,
>258:13-11-2020:0,258,1605225600,0,0,0,,
>259:27-09-2020:0,259,1601161200,0,0,0,,
>260:15-02-2021:0,260,1613347200,0,0,0,,
>261:31-03-2021:0,261,1617145200,0,0,0,,
>262:26-10-2020:0,262,1603670400,0,0,0,,
>263:08-10-2020:0,263,1602111600,0,0,0,,
>264:28-01-2021:0,264,1611792000,0,0,0,,
>265:29-04-2021:0,265,1619650800,0,0,0,,
>266:27-08-2020:0,266,1598482800,0,0,0,,
>267:02-04-2021:0,267,1617318000,0,0,0,,
>268:12-12-2020:0,268,1607731200,0,0,0,,
>269:20-02-2021:0,269,1613779200,0,0,0,,
>270:20-01-2021:0,270,1611100800,0,0,0,,
>271:15-02-2021:0,271,1613347200,0,0,0,,
>272:31-01-2021:0,272,1612051200,0,0,0,,
>273:29-06-2020:0,273,1593385200,0,0,0,,
>274:22-06-2021:0,274,1624316400,0,0,0,,
>275:07-11-2020:0,275,1604707200,0,0,0,,
>276:21-05-2021:0,276,1621551600,0,0,0,,
>277:29-11-2020:0,277,1606608000,0,0,0,,
>278:26-05-2021:0,278,1621983600,0,0,0,,
>279:16-09-2020:0,279,1600210800,0,0,0,,
>280:20-01-2021:0,280,1611100800,0,0,0,,
>281:16-04-2021:0,281,1618527600,0,0,0,,
>282:12-03-2020:0,282,1583971200,0,0,0,,
>283:30-06-2021:0,283,1625007600,0,0,0,,
>284:17-02-2021:0,284,1613520000,0,0,0,,
>285:27-12-2020:0,285,1609027200,0,0,0,,
>286:09-02-2021:0,286,1612828800,0,0,0,,
>287:05-08-2020:0,287,1596582000,0,0,0,,
>288:28-03-2021:0,288,1616889600,0,0,0,,
>289:01-06-2021:0,289,1622502000,0,0,0,,
>290:27-11-2020:0,290,1606435200,0,0,0,,
>291:25-08-2020:0,291,1598310000,0,0,0,,
>292:22-03-2021:0,292,1616371200,0,0,0,,
>293:17-04-2021:0,293,1618614000,0,0,0,,
>294:02-02-2021:0,294,1612224000,0,0,0,,
>295:24-06-2020:0,295,1592953200,0,0,0,,
>296:01-05-2021:0,296,1619823600,0,0,0,,
>297:03-09-2020:0,297,1599087600,0,0,0,,
>298:23-08-2020:0,298,1598137200,0,0,0,,
>299:04-09-2020:0,299,1599174000,0,0,0,,
>300:28-04-2021:0,300,1619564400,0,0,0,,
>301:08-04-2021:0,301,1617836400,0,0,0,,
>302:28-04-2021:0,302,1619564400,0,0,0,,
>303:20-02-2021:0,303,1613779200,0,0,0,,
>304:13-03-2021:0,304,1615593600,0,0,0,,
>305:29-02-2020:0,305,1582934400,0,0,0,,
>306:11-10-2020:0,306,1602370800,0,0,0,,
>307:03-04-2020:0,307,1585868400,0,0,0,,
>308:20-03-2021:0,308,1616198400,0,0,0,,
>309:03-08-2020:0,309,1596409200,0,0,0,,
>310:16-05-2021:0,310,1621119600,0,0,0,,
>311:09-05-2021:0,311,1620514800,0,0,0,,
>312:02-05-2021:0,312,1619910000,0,0,0,,
>313:30-05-2021:0,313,1622329200,0,0,0,,
>314:25-05-2020:0,314,1590361200,0,0,0,,
>315:23-04-2021:0,315,1619132400,0,0,0,,
>316:15-05-2021:0,316,1621033200,0,0,0,,
>317:28-01-2021:0,317,1611792000,0,0,0,,
>318:04-02-2021:0,318,1612396800,0,0,0,,
>319:20-01-2021:0,319,1611100800,0,0,0,,
>320:16-11-2020:0,320,1605484800,0,0,0,,
>321:17-02-2021:0,321,1613520000,0,0,0,,
>322:03-04-2021:0,322,1617404400,0,0,0,,
>323:05-07-2020:0,323,1593903600,0,0,0,,
>324:13-08-2020:0,324,1597273200,0,0,0,,
>325:09-05-2021:0,325,1620514800,0,0,0,,
>326:22-03-2021:0,326,1616371200,0,0,0,,
>327:15-02-2021:0,327,1613347200,0,0,0,,
>328:08-04-2021:0,328,1617836400,0,0,0,,
>329:27-09-2020:0,329,1601161200,0,0,0,,
>330:15-12-2020:0,330,1607990400,0,0,0,,
>331:03-04-2021:0,331,1617404400,0,0,0,,
>332:16-02-2021:0,332,1613433600,0,0,0,,
>333:08-05-2021:0,333,1620428400,0,0,0,,
>334:20-05-2021:0,334,1621465200,0,0,0,,
>335:01-02-2021:0,335,1612137600,0,0,0,,
>336:27-03-2021:0,336,1616803200,0,0,0,,
>337:05-05-2020:0,337,1588633200,0,0,0,,
>338:03-02-2021:0,338,1612310400,0,0,0,,
>339:26-02-2021:0,339,1614297600,0,0,0,,
>340:16-05-2021:0,340,1621119600,0,0,0,,
>341:02-10-2020:0,341,1601593200,0,0,0,,
>342:11-04-2021:0,342,1618095600,0,0,0,,
>343:09-10-2020:0,343,1602198000,0,0,0,,
>344:02-05-2021:0,344,1619910000,0,0,0,,
>345:09-10-2020:0,345,1602198000,0,0,0,,
>346:01-06-2021:0,346,1622502000,0,0,0,,
>347:22-09-2020:0,347,1600729200,0,0,0,,
>348:03-05-2021:0,348,1619996400,0,0,0,,
>349:06-07-2020:0,349,1593990000,0,0,0,,
>350:25-07-2020:0,350,1595631600,0,0,0,,
>351:26-01-2021:0,351,1611619200,0,0,0,,
>352:08-06-2021:0,352,1623106800,0,0,0,,
>353:02-03-2021:0,353,1614643200,0,0,0,,
>354:06-06-2021:0,354,1622934000,0,0,0,,
>355:20-06-2020:0,355,1592607600,0,0,0,,
>356:14-01-2021:0,356,1610582400,0,0,0,,
>357:26-03-2021:0,357,1616716800,0,0,0,,
>358:16-07-2020:0,358,1594854000,0,0,0,,
>359:26-01-2021:0,359,1611619200,0,0,0,,
>360:01-02-2021:0,360,1612137600,0,0,0,,
>361:13-02-2020:0,361,1581552000,0,0,0,,
>362:01-03-2021:0,362,1614556800,0,0,0,,
>363:14-04-2021:0,363,1618354800,0,0,0,,
>364:24-10-2020:0,364,1603494000,0,0,0,,
>365:28-06-2020:0,365,1593298800,0,0,0,,
>366:29-06-2021:0,366,1624921200,0,0,0,,
>367:17-04-2021:0,367,1618614000,0,0,0,,
>368:21-02-2021:0,368,1613865600,0,0,0,,
>369:10-03-2021:0,369,1615334400,0,0,0,,
>370:31-10-2020:0,370,1604102400,0,0,0,,
>371:06-06-2020:0,371,1591398000,0,0,0,,
>372:10-06-2020:0,372,1591743600,0,0,0,,
>373:13-04-2021:0,373,1618268400,0,0,0,,
>374:13-10-2020:0,374,1602543600,0,0,0,,
>375:17-02-2021:0,375,1613520000,0,0,0,,
>376:24-09-2020:0,376,1600902000,0,0,0,,
>377:06-08-2020:0,377,1596668400,0,0,0,,
>378:25-03-2021:0,378,1616630400,0,0,0,,
>379:30-05-2021:0,379,1622329200,0,0,0,,
>380:09-11-2020:0,380,1604880000,0,0,0,,
>381:28-05-2021:0,381,1622156400,0,0,0,,
>382:21-12-2020:0,382,1608508800,0,0,0,,
>383:03-04-2021:0,383,1617404400,0,0,0,,
>384:27-01-2021:0,384,1611705600,0,0,0,,
>385:27-05-2021:0,385,1622070000,0,0,0,,
>386:13-03-2021:0,386,1615593600,0,0,0,,
>387:22-04-2020:0,387,1587510000,0,0,0,,
>388:01-02-2021:0,388,1612137600,0,0,0,,
>389:18-04-2020:0,389,1587164400,0,0,0,,
>390:27-07-2020:0,390,1595804400,0,0,0,,
>391:05-09-2020:0,391,1599260400,0,0,0,,
>392:10-04-2021:0,392,1618009200,0,0,0,,
>393:21-03-2021:0,393,1616284800,0,0,0,,
>394:13-12-2020:0,394,1607817600,0,0,0,,
>395:20-06-2021:0,395,1624143600,0,0,0,,
>396:13-04-2021:0,396,1618268400,0,0,0,,
>397:01-10-2020:0,397,1601506800,0,0,0,,
>398:13-02-2021:0,398,1613174400,0,0,0,,
>399:12-01-2021:0,399,1610409600,0,0,0,,
>400:19-12-2020:0,400,1608336000,0,0,0,,
>401:16-11-2020:0,401,1605484800,0,0,0,,
>402:10-11-2020:0,402,1604966400,0,0,0,,
>403:01-03-2021:0,403,1614556800,0,0,0,,
>404:27-10-2020:0,404,1603756800,0,0,0,,
>405:05-07-2020:0,405,1593903600,0,0,0,,
>406:05-11-2020:0,406,1604534400,0,0,0,,
>407:04-01-2021:0,407,1609718400,0,0,0,,
>408:18-05-2021:0,408,1621292400,0,0,0,,
>409:13-11-2020:0,409,1605225600,0,0,0,,
>410:15-03-2021:0,410,1615766400,0,0,0,,
>411:27-04-2021:0,411,1619478000,0,0,0,,
>412:02-01-2021:0,412,1609545600,0,0,0,,
>413:06-12-2020:0,413,1607212800,0,0,0,,
>414:11-03-2021:0,414,1615420800,0,0,0,,
>415:30-03-2020:0,415,1585522800,0,0,0,,
>416:05-06-2020:0,416,1591311600,0,0,0,,
>417:10-07-2020:0,417,1594335600,0,0,0,,
>418:14-10-2020:0,418,1602630000,0,0,0,,
>419:23-03-2021:0,419,1616457600,0,0,0,,
>420:21-11-2020:0,420,1605916800,0,0,0,,
>421:18-02-2021:0,421,1613606400,0,0,0,,
>422:12-06-2021:0,422,1623452400,0,0,0,,
>423:19-01-2021:0,423,1611014400,0,0,0,,
>424:30-04-2021:0,424,1619737200,0,0,0,,
>425:12-07-2020:0,425,1594508400,0,0,0,,
>426:03-06-2020:0,426,1591138800,0,0,0,,
>427:22-06-2021:0,427,1624316400,0,0,0,,
>428:22-07-2020:0,428,1595372400,0,0,0,,
>429:16-06-2020:0,429,1592262000,0,0,0,,
>430:23-01-2021:0,430,1611360000,0,0,0,,
>431:16-05-2021:0,431,1621119600,0,0,0,,
>432:11-07-2020:0,432,1594422000,0,0,0,,
>433:05-11-2020:0,433,1604534400,0,0,0,,
>434:25-08-2020:0,434,1598310000,0,0,0,,
>435:16-02-2021:0,435,1613433600,0,0,0,,
>436:17-09-2020:0,436,1600297200,0,0,0,,
>437:26-10-2020:0,437,1603670400,0,0,0,,
>438:12-08-2020:0,438,1597186800,0,0,0,,
>439:23-04-2020:0,439,1587596400,0,0,0,,
>440:17-02-2020:0,440,1581897600,0,0,0,,
>441:08-10-2020:0,441,1602111600,0,0,0,,
>442:30-09-2020:0,442,1601420400,0,0,0,,
>443:05-08-2020:0,443,1596582000,0,0,0,,
>444:11-07-2020:0,444,1594422000,0,0,0,,
>445:20-05-2021:0,445,1621465200,0,0,0,,
>446:08-06-2021:0,446,1623106800,0,0,0,,
>447:26-06-2021:0,447,1624662000,0,0,0,,
>448:27-11-2020:0,448,1606435200,0,0,0,,
>449:22-02-2021:0,449,1613952000,0,0,0,,
>450:14-10-2020:0,450,1602630000,0,0,0,,
>451:26-05-2020:0,451,1590447600,0,0,0,,
>452:16-06-2020:0,452,1592262000,0,0,0,,
>453:28-06-2021:0,453,1624834800,0,0,0,,
>454:02-01-2021:0,454,1609545600,0,0,0,,
>455:17-04-2021:0,455,1618614000,0,0,0,,
>456:04-09-2020:0,456,1599174000,0,0,0,,
>457:21-12-2020:0,457,1608508800,0,0,0,,
>458:02-10-2020:0,458,1601593200,0,0,0,,
>459:20-08-2020:0,459,1597878000,0,0,0,,
>460:01-06-2020:0,460,1590966000,0,0,0,,
>461:13-08-2020:0,461,1597273200,0,0,0,,
>462:08-05-2021:0,462,1620428400,0,0,0,,
>463:11-12-2020:0,463,1607644800,0,0,0,,
>464:28-06-2021:0,464,1624834800,0,0,0,,
>465:07-06-2021:0,465,1623020400,0,0,0,,
>466:25-06-2020:0,466,1593039600,0,0,0,,
>467:11-12-2020:0,467,1607644800,0,0,0,,
>468:05-09-2020:0,468,1599260400,0,0,0,,
>469:24-09-2020:0,469,1600902000,0,0,0,,
>470:04-08-2020:0,470,1596495600,0,0,0,,
>471:13-01-2021:0,471,1610496000,0,0,0,,
>472:02-11-2020:0,472,1604275200,0,0,0,,
>473:25-06-2021:0,473,1624575600,0,0,0,,
>474:19-12-2020:0,474,1608336000,0,0,0,,
>475:16-06-2020:0,475,1592262000,0,0,0,,
>476:22-06-2021:0,476,1624316400,0,0,0,,
>477:07-07-2020:0,477,1594076400,0,0,0,,
>478:11-04-2021:0,478,1618095600,0,0,0,,
>479:29-11-2020:0,479,1606608000,0,0,0,,
>480:02-11-2020:0,480,1604275200,0,0,0,,
>481:18-02-2021:0,481,1613606400,0,0,0,,
>482:23-05-2020:0,482,1590188400,0,0,0,,
>483:15-03-2021:0,483,1615766400,0,0,0,,
>484:02-06-2020:0,484,1591052400,0,0,0,,
>485:26-02-2021:0,485,1614297600,0,0,0,,
>486:15-10-2020:0,486,1602716400,0,0,0,,
>487:18-11-2020:0,487,1605657600,0,0,0,,
>488:01-07-2021:0,488,1625094000,0,0,0,,
>489:12-03-2021:0,489,1615507200,0,0,0,,
>490:26-05-2021:0,490,1621983600,0,0,0,,
>491:25-11-2020:0,491,1606262400,0,0,0,,
>492:28-01-2021:0,492,1611792000,0,0,0,,
>493:15-05-2020:0,493,1589497200,0,0,0,,
>494:23-01-2021:0,494,1611360000,0,0,0,,
>495:09-09-2020:0,495,1599606000,0,0,0,,
>496:18-11-2020:0,496,1605657600,0,0,0,,
>497:10-06-2020:0,497,1591743600,0,0,0,,
>498:05-02-2021:0,498,1612483200,0,0,0,,
>499:09-09-2020:0,499,1599606000,0,0,0,,
>500:21-08-2020:0,500,1597964400,0,0,0,,
>501:24-01-2021:0,501,1611446400,0,0,0,,
>502:27-04-2021:0,502,1619478000,0,0,0,,
>503:29-09-2020:0,503,1601334000,0,0,0,,
>504:24-07-2020:0,504,1595545200,0,0,0,,
>505:24-03-2021:0,505,1616544000,0,0,0,,
>506:11-01-2021:0,506,1610323200,0,0,0,,
>507:29-04-2020:0,507,1588114800,0,0,0,,
>508:19-01-2021:0,508,1611014400,0,0,0,,
>509:26-04-2021:0,509,1619391600,0,0,0,,
>510:08-09-2020:0,510,1599519600,0,0,0,,
>511:06-07-2020:0,511,1593990000,0,0,0,,
>512:27-04-2021:0,512,1619478000,0,0,0,,
>513:14-10-2020:0,513,1602630000,0,0,0,,
>514:24-02-2021:0,514,1614124800,0,0,0,,
>515:27-06-2020:0,515,1593212400,0,0,0,,
>516:10-06-2021:0,516,1623279600,0,0,0,,
>517:02-06-2020:0,517,1591052400,0,0,0,,
>518:30-10-2020:0,518,1604016000,0,0,0,,
>519:15-06-2021:0,519,1623711600,0,0,0,,
>520:30-01-2021:0,520,1611964800,0,0,0,,
>521:04-08-2020:0,521,1596495600,0,0,0,,
>522:15-04-2021:0,522,1618441200,0,0,0,,
>523:28-12-2020:0,523,1609113600,0,0,0,,
>524:15-09-2020:0,524,1600124400,0,0,0,,
>525:17-05-2020:0,525,1589670000,0,0,0,,
>526:21-06-2021:0,526,1624230000,0,0,0,,
>527:20-04-2021:0,527,1618873200,0,0,0,,
>528:15-03-2021:0,528,1615766400,0,0,0,,
>529:13-03-2020:0,529,1584057600,0,0,0,,
>530:19-12-2020:0,530,1608336000,0,0,0,,
>531:04-12-2020:0,531,1607040000,0,0,0,,
>532:06-04-2021:0,532,1617663600,0,0,0,,
>533:07-06-2020:0,533,1591484400,0,0,0,,
>534:14-12-2020:0,534,1607904000,0,0,0,,
>535:09-05-2021:0,535,1620514800,0,0,0,,
>536:08-11-2020:0,536,1604793600,0,0,0,,
>537:23-09-2020:0,537,1600815600,0,0,0,,
>538:30-06-2021:0,538,1625007600,0,0,0,,
>539:29-06-2020:0,539,1593385200,0,0,0,,
>540:26-09-2020:0,540,1601074800,0,0,0,,
>541:15-05-2021:0,541,1621033200,0,0,0,,
>542:12-05-2021:0,542,1620774000,0,0,0,,
>543:01-03-2021:0,543,1614556800,0,0,0,,
>544:13-04-2020:0,544,1586732400,0,0,0,,
>545:20-06-2020:0,545,1592607600,0,0,0,,
>546:07-09-2020:0,546,1599433200,0,0,0,,
>547:28-03-2021:0,547,1616889600,0,0,0,,
>548:25-04-2021:0,548,1619305200,0,0,0,,
>549:19-12-2020:0,549,1608336000,0,0,0,,
>550:20-12-2020:0,550,1608422400,0,0,0,,
>551:09-01-2021:0,551,1610150400,0,0,0,,
>552:06-02-2021:0,552,1612569600,0,0,0,,
>553:08-10-2020:0,553,1602111600,0,0,0,,
>554:26-03-2021:0,554,1616716800,0,0,0,,
>555:26-08-2020:0,555,1598396400,0,0,0,,
>556:30-10-2020:0,556,1604016000,0,0,0,,
>557:05-04-2021:0,557,1617577200,0,0,0,,
>558:17-08-2020:0,558,1597618800,0,0,0,,
>559:31-05-2020:0,559,1590879600,0,0,0,,
>560:22-02-2021:0,560,1613952000,0,0,0,,
>561:25-06-2021:0,561,1624575600,0,0,0,,
>562:29-06-2021:0,562,1624921200,0,0,0,,
>563:07-05-2020:0,563,1588806000,0,0,0,,
>564:16-05-2020:0,564,1589583600,0,0,0,,
>565:07-07-2020:0,565,1594076400,0,0,0,,
>566:02-11-2020:0,566,1604275200,0,0,0,,
>567:27-09-2020:0,567,1601161200,0,0,0,,
>568:29-06-2020:0,568,1593385200,0,0,0,,
>569:25-12-2020:0,569,1608854400,0,0,0,,
>570:27-12-2020:0,570,1609027200,0,0,0,,
>571:18-12-2020:0,571,1608249600,0,0,0,,
>572:28-11-2020:0,572,1606521600,0,0,0,,
>573:30-03-2021:0,573,1617058800,0,0,0,,
>574:10-08-2020:0,574,1597014000,0,0,0,,
>575:26-05-2020:0,575,1590447600,0,0,0,,
>576:02-08-2020:0,576,1596322800,0,0,0,,
>577:25-06-2021:0,577,1624575600,0,0,0,,
>578:06-03-2021:0,578,1614988800,0,0,0,,
>579:29-03-2021:0,579,1616972400,0,0,0,,
>580:25-02-2021:0,580,1614211200,0,0,0,,
>581:03-03-2021:0,581,1614729600,0,0,0,,
>582:07-11-2020:0,582,1604707200,0,0,0,,
>583:14-12-2020:0,583,1607904000,0,0,0,,
>584:20-06-2021:0,584,1624143600,0,0,0,,
>585:01-03-2021:0,585,1614556800,0,0,0,,
>586:17-03-2020:0,586,1584403200,0,0,0,,
>587:17-05-2020:0,587,1589670000,0,0,0,,
>588:24-02-2021:0,588,1614124800,0,0,0,,
>589:10-05-2021:0,589,1620601200,0,0,0,,
>590:07-04-2020:0,590,1586214000,0,0,0,,
>591:11-04-2021:0,591,1618095600,0,0,0,,
>592:30-07-2020:0,592,1596063600,0,0,0,,
>593:04-06-2021:0,593,1622761200,0,0,0,,
>594:08-09-2020:0,594,1599519600,0,0,0,,
>595:15-05-2021:0,595,1621033200,0,0,0,,
>596:20-02-2021:0,596,1613779200,0,0,0,,
>597:24-06-2021:0,597,1624489200,0,0,0,,
>598:19-06-2020:0,598,1592521200,0,0,0,,
>599:05-03-2020:0,599,1583366400,0,0,0,,
>600:29-06-2021:0,600,1624921200,0,0,0,,
>601:01-08-2020:0,601,1596236400,0,0,0,,
>602:30-09-2020:0,602,1601420400,0,0,0,,
>603:31-05-2021:0,603,1622415600,0,0,0,,
>604:09-06-2020:0,604,1591657200,0,0,0,,
>605:03-08-2020:0,605,1596409200,0,0,0,,
>606:18-11-2020:0,606,1605657600,0,0,0,,
>607:20-08-2020:0,607,1597878000,0,0,0,,
>608:02-05-2021:0,608,1619910000,0,0,0,,
>609:01-05-2021:0,609,1619823600,0,0,0,,
>610:14-04-2020:0,610,1586818800,0,0,0,,
>611:06-05-2020:0,611,1588719600,0,0,0,,
>612:10-06-2021:0,612,1623279600,0,0,0,,
>613:08-06-2021:0,613,1623106800,0,0,0,,
>614:11-03-2020:0,614,1583884800,0,0,0,,
>615:24-05-2021:0,615,1621810800,0,0,0,,
>616:05-12-2020:0,616,1607126400,0,0,0,,
>617:11-02-2021:0,617,1613001600,0,0,0,,
>618:04-05-2020:0,618,1588546800,0,0,0,,
>619:19-12-2020:0,619,1608336000,0,0,0,,
>620:06-04-2021:0,620,1617663600,0,0,0,,
>621:19-01-2021:0,621,1611014400,0,0,0,,
>622:10-08-2020:0,622,1597014000,0,0,0,,
>623:23-05-2021:0,623,1621724400,0,0,0,,
>624:02-06-2020:0,624,1591052400,0,0,0,,
>625:30-06-2020:0,625,1593471600,0,0,0,,
>626:23-03-2021:0,626,1616457600,0,0,0,,
>627:27-03-2020:0,627,1585267200,0,0,0,,
>628:10-10-2020:0,628,1602284400,0,0,0,,
>629:01-01-2021:0,629,1609459200,0,0,0,,
>630:08-07-2020:0,630,1594162800,0,0,0,,
>631:24-06-2020:0,631,1592953200,0,0,0,,
>632:03-08-2020:0,632,1596409200,0,0,0,,
>633:02-09-2020:0,633,1599001200,0,0,0,,
>634:31-03-2021:0,634,1617145200,0,0,0,,
>635:29-09-2020:0,635,1601334000,0,0,0,,
>636:20-01-2021:0,636,1611100800,0,0,0,,
>637:07-09-2020:0,637,1599433200,0,0,0,,
>638:08-05-2020:0,638,1588892400,0,0,0,,
>639:28-10-2020:0,639,1603843200,0,0,0,,
>640:16-03-2021:0,640,1615852800,0,0,0,,
>641:07-03-2021:0,641,1615075200,0,0,0,,
>642:25-05-2021:0,642,1621897200,0,0,0,,
>643:10-07-2020:0,643,1594335600,0,0,0,,
>644:28-05-2020:0,644,1590620400,0,0,0,,
>645:20-08-2020:0,645,1597878000,0,0,0,,
>646:27-12-2020:0,646,1609027200,0,0,0,,
>647:25-06-2021:0,647,1624575600,0,0,0,,
>648:28-06-2021:0,648,1624834800,0,0,0,,
>649:06-05-2021:0,649,1620255600,0,0,0,,
>650:25-04-2021:0,650,1619305200,0,0,0,,
>651:18-05-2021:0,651,1621292400,0,0,0,,
>652:08-09-2020:0,652,1599519600,0,0,0,,
>653:10-08-2020:0,653,1597014000,0,0,0,,
>654:21-01-2021:0,654,1611187200,0,0,0,,
>655:28-07-2020:0,655,1595890800,0,0,0,,
>656:10-09-2020:0,656,1599692400,0,0,0,,
>657:16-02-2021:0,657,1613433600,0,0,0,,
>658:12-04-2021:0,658,1618182000,0,0,0,,
>659:24-07-2020:0,659,1595545200,0,0,0,,
>660:21-10-2020:0,660,1603234800,0,0,0,,
>661:12-03-2021:0,661,1615507200,0,0,0,,
>662:18-02-2021:0,662,1613606400,0,0,0,,
>663:22-05-2021:0,663,1621638000,0,0,0,,
>664:03-04-2021:0,664,1617404400,0,0,0,,
>665:01-07-2021:0,665,1625094000,0,0,0,,
>666:01-11-2020:0,666,1604188800,0,0,0,,
>667:16-02-2021:0,667,1613433600,0,0,0,,
>668:07-06-2020:0,668,1591484400,0,0,0,,
>669:02-06-2021:0,669,1622588400,0,0,0,,
>670:18-05-2021:0,670,1621292400,0,0,0,,
>671:29-12-2020:0,671,1609200000,0,0,0,,
>672:29-06-2020:0,672,1593385200,0,0,0,,
>673:25-06-2021:0,673,1624575600,0,0,0,,
>674:14-05-2021:0,674,1620946800,0,0,0,,
>675:03-06-2020:0,675,1591138800,0,0,0,,
>676:03-05-2021:0,676,1619996400,0,0,0,,
>677:21-01-2021:0,677,1611187200,0,0,0,,
>678:15-06-2020:0,678,1592175600,0,0,0,,
>679:31-01-2021:0,679,1612051200,0,0,0,,
>680:12-12-2020:0,680,1607731200,0,0,0,,
>681:22-04-2021:0,681,1619046000,0,0,0,,
>682:01-02-2021:0,682,1612137600,0,0,0,,
>683:27-03-2021:0,683,1616803200,0,0,0,,
>684:04-09-2020:0,684,1599174000,0,0,0,,
>685:10-11-2020:0,685,1604966400,0,0,0,,
>686:08-06-2021:0,686,1623106800,0,0,0,,
>687:10-04-2021:0,687,1618009200,0,0,0,,
>688:05-01-2021:0,688,1609804800,0,0,0,,
>689:15-04-2021:0,689,1618441200,0,0,0,,
>690:13-02-2021:0,690,1613174400,0,0,0,,
>691:30-11-2020:0,691,1606694400,0,0,0,,
>692:12-02-2021:0,692,1613088000,0,0,0,,
>693:07-06-2021:0,693,1623020400,0,0,0,,
>694:13-09-2020:0,694,1599951600,0,0,0,,
>695:17-03-2021:0,695,1615939200,0,0,0,,
>696:26-12-2020:0,696,1608940800,0,0,0,,
>697:21-07-2020:0,697,1595286000,0,0,0,,
>698:11-02-2021:0,698,1613001600,0,0,0,,
>699:14-05-2021:0,699,1620946800,0,0,0,,
>700:28-10-2020:0,700,1603843200,0,0,0,,
>701:07-09-2020:0,701,1599433200,0,0,0,,
>702:13-09-2020:0,702,1599951600,0,0,0,,
>703:15-02-2021:0,703,1613347200,0,0,0,,
>704:07-03-2021:0,704,1615075200,0,0,0,,
>705:26-05-2021:0,705,1621983600,0,0,0,,
>706:08-05-2021:0,706,1620428400,0,0,0,,
>707:21-11-2020:0,707,1605916800,0,0,0,,
>708:28-10-2020:0,708,1603843200,0,0,0,,
>709:05-10-2020:0,709,1601852400,0,0,0,,
>710:05-09-2020:0,710,1599260400,0,0,0,,
>711:09-11-2020:0,711,1604880000,0,0,0,,
>712:22-12-2020:0,712,1608595200,0,0,0,,
>713:09-01-2021:0,713,1610150400,0,0,0,,
>714:24-12-2020:0,714,1608768000,0,0,0,,
>715:04-12-2020:0,715,1607040000,0,0,0,,
>716:13-11-2020:0,716,1605225600,0,0,0,,
>717:21-02-2021:0,717,1613865600,0,0,0,,
>718:20-06-2021:0,718,1624143600,0,0,0,,
>719:19-02-2021:0,719,1613692800,0,0,0,,
>720:07-08-2020:0,720,1596754800,0,0,0,,
>721:09-08-2020:0,721,1596927600,0,0,0,,
>722:01-05-2021:0,722,1619823600,0,0,0,,
>723:12-12-2020:0,723,1607731200,0,0,0,,
>724:11-05-2020:0,724,1589151600,0,0,0,,
>725:25-05-2020:0,725,1590361200,0,0,0,,
>726:11-02-2021:0,726,1613001600,0,0,0,,
>727:13-05-2021:0,727,1620860400,0,0,0,,
>728:06-03-2021:0,728,1614988800,0,0,0,,
>729:11-11-2020:0,729,1605052800,0,0,0,,
>730:03-10-2020:0,730,1601679600,0,0,0,,
>731:10-11-2020:0,731,1604966400,0,0,0,,
>732:10-05-2021:0,732,1620601200,0,0,0,,
>733:24-08-2020:0,733,1598223600,0,0,0,,
>734:21-10-2020:0,734,1603234800,0,0,0,,
>735:23-09-2020:0,735,1600815600,0,0,0,,
>736:26-10-2020:0,736,1603670400,0,0,0,,
>737:17-12-2020:0,737,1608163200,0,0,0,,
>738:31-08-2020:0,738,1598828400,0,0,0,,
>739:22-04-2020:0,739,1587510000,0,0,0,,
>740:28-05-2021:0,740,1622156400,0,0,0,,
>741:20-08-2020:0,741,1597878000,0,0,0,,
>742:20-02-2021:0,742,1613779200,0,0,0,,
>743:20-06-2021:0,743,1624143600,0,0,0,,
>744:29-04-2020:0,744,1588114800,0,0,0,,
>745:26-09-2020:0,745,1601074800,0,0,0,,
>746:25-10-2020:0,746,1603580400,0,0,0,,
>747:18-03-2020:0,747,1584489600,0,0,0,,
>748:22-11-2020:0,748,1606003200,0,0,0,,
>749:25-12-2020:0,749,1608854400,0,0,0,,
>750:23-03-2021:0,750,1616457600,0,0,0,,
>751:30-04-2020:0,751,1588201200,0,0,0,,
>752:04-02-2021:1,752,1612396800,0,0,0,,
>753:14-02-2021:1,753,1613260800,0,0,0,,
>754:19-04-2021:1,754,1618786800,0,0,0,,
>755:06-02-2021:1,755,1612569600,0,0,0,,
>756:06-04-2021:1,756,1617663600,0,0,0,,
>757:05-02-2021:1,757,1612483200,0,0,0,,
>758:01-05-2021:1,758,1619823600,0,0,0,,
>759:07-12-2020:1,759,1607299200,0,0,0,,
>760:08-03-2021:1,760,1615161600,0,0,0,,
>761:25-03-2021:1,761,1616630400,0,0,0,,
>762:30-03-2021:1,762,1617058800,0,0,0,,
>763:19-06-2021:1,763,1624057200,0,0,0,,
>764:31-01-2021:1,764,1612051200,0,0,0,,
>765:12-03-2021:1,765,1615507200,0,0,0,,
>766:14-06-2021:1,766,1623625200,0,0,0,,
>767:16-06-2021:1,767,1623798000,0,0,0,,
>768:28-04-2021:1,768,1619564400,0,0,0,,
>769:26-04-2021:1,769,1619391600,0,0,0,,
>770:10-04-2021:1,770,1618009200,0,0,0,,
>771:14-05-2021:1,771,1620946800,0,0,0,,
>772:14-05-2021:1,772,1620946800,0,0,0,,
>773:27-03-2021:1,773,1616803200,0,0,0,,
>774:25-12-2020:1,774,1608854400,0,0,0,,
>775:23-12-2020:1,775,1608681600,0,0,0,,
>776:08-06-2021:1,776,1623106800,0,0,0,,
>777:12-03-2021:1,777,1615507200,0,0,0,,
>778:15-12-2020:1,778,1607990400,0,0,0,,
>779:28-06-2021:1,779,1624834800,0,0,0,,
>780:26-01-2021:1,780,1611619200,0,0,0,,
>781:15-03-2021:1,781,1615766400,0,0,0,,
>782:31-12-2020:1,782,1609372800,0,0,0,,
>783:11-05-2021:1,783,1620687600,0,0,0,,
>784:15-02-2021:1,784,1613347200,0,0,0,,
>785:15-03-2021:1,785,1615766400,0,0,0,,
>786:31-01-2021:1,786,1612051200,0,0,0,,
>787:09-02-2021:1,787,1612828800,0,0,0,,
>788:22-06-2021:1,788,1624316400,0,0,0,,
>789:08-05-2021:1,789,1620428400,0,0,0,,
>790:18-05-2021:1,790,1621292400,0,0,0,,
>791:01-05-2021:1,791,1619823600,0,0,0,,
>792:01-06-2021:1,792,1622502000,0,0,0,,
>793:10-03-2021:1,793,1615334400,0,0,0,,
>794:26-01-2021:1,794,1611619200,0,0,0,,
>795:10-11-2020:1,795,1604966400,0,0,0,,
>796:02-04-2021:1,796,1617318000,0,0,0,,
>797:11-04-2021:1,797,1618095600,0,0,0,,
>798:29-01-2021:1,798,1611878400,0,0,0,,
>799:21-06-2021:1,799,1624230000,0,0,0,,
>800:11-01-2021:1,800,1610323200,0,0,0,,
>801:07-02-2021:1,801,1612656000,0,0,0,,
>802:24-06-2021:1,802,1624489200,0,0,0,,
>803:17-02-2021:1,803,1613520000,0,0,0,,
>804:30-03-2021:1,804,1617058800,0,0,0,,
>805:24-06-2021:1,805,1624489200,0,0,0,,
>806:04-04-2021:1,806,1617490800,0,0,0,,
>807:22-04-2021:1,807,1619046000,0,0,0,,
>808:23-03-2021:1,808,1616457600,0,0,0,,
>809:18-06-2021:1,809,1623970800,0,0,0,,
>810:23-06-2021:1,810,1624402800,0,0,0,,
>811:07-03-2021:1,811,1615075200,0,0,0,,
>812:20-05-2021:1,812,1621465200,0,0,0,,
>813:20-04-2021:1,813,1618873200,0,0,0,,
>814:21-06-2021:1,814,1624230000,0,0,0,,
>815:01-01-2021:1,815,1609459200,0,0,0,,
>816:22-05-2021:1,816,1621638000,0,0,0,,
>817:17-03-2021:1,817,1615939200,0,0,0,,
>818:20-04-2021:1,818,1618873200,0,0,0,,
>819:23-06-2021:1,819,1624402800,0,0,0,,
>820:14-11-2020:1,820,1605312000,0,0,0,,
>821:02-03-2021:1,821,1614643200,0,0,0,,
>822:28-01-2021:1,822,1611792000,0,0,0,,
>823:29-06-2021:1,823,1624921200,0,0,0,,
>824:01-05-2021:1,824,1619823600,0,0,0,,
>825:25-05-2021:1,825,1621897200,0,0,0,,
>826:27-05-2021:1,826,1622070000,0,0,0,,
>827:29-05-2021:1,827,1622242800,0,0,0,,
>828:04-03-2021:1,828,1614816000,0,0,0,,
>829:25-03-2021:1,829,1616630400,0,0,0,,
>830:17-04-2021:1,830,1618614000,0,0,0,,
>831:10-03-2021:1,831,1615334400,0,0,0,,
>832:21-05-2021:1,832,1621551600,0,0,0,,
>833:26-02-2021:1,833,1614297600,0,0,0,,
>834:19-04-2021:1,834,1618786800,0,0,0,,
>835:28-01-2021:1,835,1611792000,0,0,0,,
>836:01-07-2021:1,836,1625094000,0,0,0,,
>837:13-03-2021:1,837,1615593600,0,0,0,,
>838:11-12-2020:1,838,1607644800,0,0,0,,
>839:02-03-2021:1,839,1614643200,0,0,0,,
>840:17-04-2021:1,840,1618614000,0,0,0,,
>841:10-06-2021:1,841,1623279600,0,0,0,,
>842:25-01-2021:1,842,1611532800,0,0,0,,
>843:14-01-2021:1,843,1610582400,0,0,0,,
>844:10-03-2021:1,844,1615334400,0,0,0,,
>845:12-02-2021:1,845,1613088000,0,0,0,,
>846:25-06-2021:1,846,1624575600,0,0,0,,
>847:26-05-2021:1,847,1621983600,0,0,0,,
>848:20-02-2021:1,848,1613779200,0,0,0,,
>849:14-06-2021:1,849,1623625200,0,0,0,,
>850:30-05-2021:1,850,1622329200,0,0,0,,
>851:25-04-2021:1,851,1619305200,0,0,0,,
>852:01-03-2021:1,852,1614556800,0,0,0,,
>853:06-01-2021:1,853,1609891200,0,0,0,,
>854:19-05-2021:1,854,1621378800,0,0,0,,
>855:27-06-2021:1,855,1624748400,0,0,0,,
>856:05-04-2021:1,856,1617577200,0,0,0,,
>857:10-03-2021:1,857,1615334400,0,0,0,,
>858:12-02-2021:1,858,1613088000,0,0,0,,
>859:15-02-2021:1,859,1613347200,0,0,0,,
>860:26-06-2021:1,860,1624662000,0,0,0,,
>861:11-03-2021:1,861,1615420800,0,0,0,,
>862:02-12-2020:1,862,1606867200,0,0,0,,
>863:21-06-2021:1,863,1624230000,0,0,0,,
>864:08-06-2021:1,864,1623106800,0,0,0,,
>865:18-12-2020:1,865,1608249600,0,0,0,,
>866:18-01-2021:1,866,1610928000,0,0,0,,
>867:02-04-2021:1,867,1617318000,0,0,0,,
>868:31-03-2021:1,868,1617145200,0,0,0,,
>869:26-06-2021:1,869,1624662000,0,0,0,,
>870:08-02-2021:1,870,1612742400,0,0,0,,
>871:14-06-2021:1,871,1623625200,0,0,0,,
>872:30-05-2021:1,872,1622329200,0,0,0,,
>873:18-04-2021:1,873,1618700400,0,0,0,,
>874:26-12-2020:1,874,1608940800,0,0,0,,
>875:25-04-2021:1,875,1619305200,0,0,0,,
>876:10-04-2021:1,876,1618009200,0,0,0,,
>877:12-05-2021:1,877,1620774000,0,0,0,,
>878:22-03-2021:1,878,1616371200,0,0,0,,
>879:27-04-2021:1,879,1619478000,0,0,0,,
>880:09-02-2021:1,880,1612828800,0,0,0,,
>881:20-12-2020:1,881,1608422400,0,0,0,,
>882:29-06-2021:1,882,1624921200,0,0,0,,
>883:11-03-2021:1,883,1615420800,0,0,0,,
>884:04-05-2021:1,884,1620082800,0,0,0,,
>885:05-02-2021:1,885,1612483200,0,0,0,,
>886:06-01-2021:1,886,1609891200,0,0,0,,
>887:17-05-2021:1,887,1621206000,0,0,0,,
>888:03-04-2021:1,888,1617404400,0,0,0,,
>889:31-05-2021:1,889,1622415600,0,0,0,,
>890:03-06-2021:1,890,1622674800,0,0,0,,
>891:13-06-2021:1,891,1623538800,0,0,0,,
>892:06-06-2021:1,892,1622934000,0,0,0,,
>893:13-01-2021:1,893,1610496000,0,0,0,,
>894:15-04-2021:1,894,1618441200,0,0,0,,
>895:23-03-2021:1,895,1616457600,0,0,0,,
>896:01-01-2021:1,896,1609459200,0,0,0,,
>897:20-01-2021:1,897,1611100800,0,0,0,,
>898:30-06-2021:1,898,1625007600,0,0,0,,
>899:31-01-2021:1,899,1612051200,0,0,0,,
>900:07-06-2021:1,900,1623020400,0,0,0,,
>901:13-04-2021:1,901,1618268400,0,0,0,,
>902:05-03-2021:1,902,1614902400,0,0,0,,
>903:16-03-2021:1,903,1615852800,0,0,0,,
>904:10-05-2021:1,904,1620601200,0,0,0,,
>905:10-03-2021:1,905,1615334400,0,0,0,,
>906:16-03-2021:1,906,1615852800,0,0,0,,
>907:26-02-2021:1,907,1614297600,0,0,0,,
>908:08-05-2021:1,908,1620428400,0,0,0,,
>909:01-06-2021:1,909,1622502000,0,0,0,,
>910:01-05-2021:1,910,1619823600,0,0,0,,
>911:18-05-2021:1,911,1621292400,0,0,0,,
>912:28-04-2021:1,912,1619564400,0,0,0,,
>913:14-02-2021:1,913,1613260800,0,0,0,,
>914:23-05-2021:1,914,1621724400,0,0,0,,
>915:10-04-2021:1,915,1618009200,0,0,0,,
>916:25-04-2021:1,916,1619305200,0,0,0,,
>917:24-06-2021:1,917,1624489200,0,0,0,,
>918:28-05-2021:1,918,1622156400,0,0,0,,
>919:29-01-2021:1,919,1611878400,0,0,0,,
>920:09-12-2020:1,920,1607472000,0,0,0,,
>921:28-01-2021:1,921,1611792000,0,0,0,,
>922:02-04-2021:1,922,1617318000,0,0,0,,
>923:21-12-2020:1,923,1608508800,0,0,0,,
>924:22-03-2021:1,924,1616371200,0,0,0,,
>925:11-03-2021:1,925,1615420800,0,0,0,,
>926:26-06-2021:1,926,1624662000,0,0,0,,
>927:30-03-2021:1,927,1617058800,0,0,0,,
>928:10-12-2020:1,928,1607558400,0,0,0,,
>929:06-04-2021:1,929,1617663600,0,0,0,,
>930:26-05-2021:1,930,1621983600,0,0,0,,
>931:27-02-2021:1,931,1614384000,0,0,0,,
>932:27-06-2021:1,932,1624748400,0,0,0,,
>933:25-12-2020:1,933,1608854400,0,0,0,,
>934:17-06-2021:1,934,1623884400,0,0,0,,
>935:25-05-2021:1,935,1621897200,0,0,0,,
>936:20-01-2021:1,936,1611100800,0,0,0,,
>937:04-05-2021:1,937,1620082800,0,0,0,,
>938:22-05-2021:1,938,1621638000,0,0,0,,
>939:14-05-2021:1,939,1620946800,0,0,0,,
>940:09-01-2021:1,940,1610150400,0,0,0,,
>941:08-11-2020:1,941,1604793600,0,0,0,,
>942:27-06-2021:1,942,1624748400,0,0,0,,
>943:30-03-2021:1,943,1617058800,0,0,0,,
>944:13-04-2021:1,944,1618268400,0,0,0,,
>945:20-11-2020:1,945,1605830400,0,0,0,,
>946:11-05-2021:1,946,1620687600,0,0,0,,
>947:09-05-2021:1,947,1620514800,0,0,0,,
>948:04-06-2021:1,948,1622761200,0,0,0,,
>949:25-03-2021:1,949,1616630400,0,0,0,,
>950:27-03-2021:1,950,1616803200,0,0,0,,
>951:28-12-2020:1,951,1609113600,0,0,0,,
>952:30-03-2021:1,952,1617058800,0,0,0,,
>953:22-04-2021:1,953,1619046000,0,0,0,,
>954:08-06-2021:1,954,1623106800,0,0,0,,
>955:25-04-2021:1,955,1619305200,0,0,0,,
>956:14-02-2021:1,956,1613260800,0,0,0,,
>957:26-04-2021:1,957,1619391600,0,0,0,,
>958:24-02-2021:1,958,1614124800,0,0,0,,
>959:10-05-2021:1,959,1620601200,0,0,0,,
>960:21-04-2021:1,960,1618959600,0,0,0,,
>961:18-05-2021:1,961,1621292400,0,0,0,,
>962:18-04-2021:1,962,1618700400,0,0,0,,
>963:30-03-2021:1,963,1617058800,0,0,0,,
>964:25-04-2021:1,964,1619305200,0,0,0,,
>965:17-06-2021:1,965,1623884400,0,0,0,,
>966:07-03-2021:1,966,1615075200,0,0,0,,
>967:03-04-2021:1,967,1617404400,0,0,0,,
>968:25-04-2021:1,968,1619305200,0,0,0,,
>969:22-12-2020:1,969,1608595200,0,0,0,,
>970:30-12-2020:1,970,1609286400,0,0,0,,
>971:14-04-2021:1,971,1618354800,0,0,0,,
>972:23-02-2021:1,972,1614038400,0,0,0,,
>973:24-06-2021:1,973,1624489200,0,0,0,,
>974:03-04-2021:1,974,1617404400,0,0,0,,
>975:11-04-2021:1,975,1618095600,0,0,0,,
>976:09-05-2021:1,976,1620514800,0,0,0,,
>977:13-05-2021:1,977,1620860400,0,0,0,,
>978:28-02-2021:1,978,1614470400,0,0,0,,
>979:15-06-2021:1,979,1623711600,0,0,0,,
>980:25-06-2021:1,980,1624575600,0,0,0,,
>981:07-06-2021:1,981,1623020400,0,0,0,,
>982:12-06-2021:1,982,1623452400,0,0,0,,
>983:05-06-2021:1,983,1622847600,0,0,0,,
>984:06-03-2021:1,984,1614988800,0,0,0,,
>985:17-06-2021:1,985,1623884400,0,0,0,,
>986:08-06-2021:1,986,1623106800,0,0,0,,
>987:12-06-2021:1,987,1623452400,0,0,0,,
>988:04-03-2021:1,988,1614816000,0,0,0,,
>989:15-04-2021:1,989,1618441200,0,0,0,,
>990:16-03-2021:1,990,1615852800,0,0,0,,
>991:29-01-2021:1,991,1611878400,0,0,0,,
>992:01-04-2021:1,992,1617231600,0,0,0,,
>993:11-05-2021:1,993,1620687600,0,0,0,,
>994:30-04-2021:1,994,1619737200,0,0,0,,
>995:08-03-2021:1,995,1615161600,0,0,0,,
>996:17-06-2021:1,996,1623884400,0,0,0,,
>997:26-12-2020:1,997,1608940800,0,0,0,,
>998:17-03-2021:1,998,1615939200,0,0,0,,
>999:24-03-2021:1,999,1616544000,0,0,0,,
>1000:04-04-2021:1,1000,1617490800,0,0,0,,
>142+235,142+235,1605916800,36,50,426,142,235
>634+1,634+1,1617274800,25,50,547,634,1
>884+904,884+904,1620342000,1,50,450,884,904
>848+717,848+717,1613822400,17,50,406,848,717
>817+31,817+31,1616025600,22,50,424,817,31
>68+234,68+234,1591095600,4,50,485,68,234
>283+980,283+980,1624791600,39,50,521,283,980
>127+208,127+208,1623106800,6,50,554,127,208
>547+761,547+761,1616760000,23,50,507,547,761
>814+799,814+799,1624230000,26,50,533,814,799
>494+677,494+677,1611273600,2,50,518,494,677
>520+786,520+786,1612008000,17,50,518,520,786
>717+703,717+703,1613606400,19,50,507,717,703
>410+998,410+998,1615852800,23,50,534,410,998
>837+760,837+760,1615377600,4,50,499,837,760
>230+635,230+635,1601118000,18,50,447,230,635
>100+589,100+589,1620428400,8,50,532,100,589
>538+805,538+805,1624748400,32,50,417,538,805
>34+217,34+217,1622847600,32,50,493,34,217
>923+225,923+225,1608768000,14,50,491,923,225
>875+813,875+813,1619089200,1,50,474,875,813
>422+352,422+352,1623279600,30,50,522,422,352
>475+497,475+497,1592002800,19,50,475,475,497
>673+366,673+366,1624748400,37,50,435,673,366
>815+853,815+853,1609675200,6,50,486,815,853
>819+600,819+600,1624662000,37,50,409,819,600
>3+730,3+730,1601766000,21,50,567,3,730
>764+498,764+498,1612267200,24,50,504,764,498
>489+883,489+883,1615464000,24,50,477,489,883
>294+752,294+752,1612310400,18,50,418,294,752
>784+657,784+657,1613390400,19,50,509,784,657
>848+421,848+421,1613692800,13,50,529,848,421
>256+847,256+847,1621940400,30,50,479,256,847
>657+284,657+284,1613476800,21,50,475,657,284
>964+851,964+851,1619305200,5,50,521,964,851
>109+934,109+934,1623625200,31,50,551,109,934
>929+301,929+301,1617750000,28,50,448,929,301
>343+441,343+441,1602154800,27,50,511,343,441
>35+934,35+934,1624057200,34,50,495,35,934
>27+853,27+853,1610020800,36,50,446,27,853
>30+983,30+983,1623106800,27,50,446,30,983
>715+277,715+277,1606824000,29,50,499,715,277
>597+577,597+577,1624532400,29,50,491,597,577
>12+693,12+693,1623236400,37,50,478,12,693
>960+315,960+315,1619046000,22,50,526,960,315
>913+303,913+303,1613520000,25,50,520,913,303
>412+191,412+191,1609502400,36,50,452,412,191
>757+179,757+179,1612569600,17,50,454,757,179
>242+585,242+585,1614340800,24,50,466,242,585
>983+313,983+313,1622588400,25,50,480,983,313
