sample_name,neighbours_count,vertex_betweenness,time_s
820:14-11-2020:1,85,0.0,0.0827488899230957
293:17-04-2021:0,1,0.5,0.005177974700927734
309:03-08-2020:0,31,0.0,0.007358074188232422
508:19-01-2021:0,36,0.0,0.0066144466400146484
646:27-12-2020:0,0,0.5,0.0022537708282470703
899:31-01-2021:1,18,0.0,0.0026738643646240234
172:19-12-2020:0,6,0.5,0.00234222412109375
261:31-03-2021:0,14,0.5,0.0024514198303222656
380:09-11-2020:0,39,0.0,0.0040013790130615234
848+421,147,0.7852061020100107,0.05679631233215332
667:16-02-2021:0,11,0.5,0.0027191638946533203
297:03-09-2020:0,3,0.5,0.002366781234741211
284:17-02-2021:0,19,0.0,0.0026998519897460938
179:07-02-2021:0,20,0.0,0.0026743412017822266
100:06-05-2021:0,11,0.0,0.0023016929626464844
175:17-03-2021:0,1,0.5,0.0021772384643554688
537:23-09-2020:0,8,0.0,0.0022084712982177734
342:11-04-2021:0,0,0.5,0.002175569534301758
612:10-06-2021:0,3,0.0,0.0021524429321289062
723:12-12-2020:0,5,0.5,0.0022420883178710938
624:02-06-2020:0,6,0.5,0.002197742462158203
758:01-05-2021:1,4,0.5,0.002164125442504883
13:03-02-2021:0,1,0.5,0.002199888229370117
341:02-10-2020:0,8,0.0,0.0022084712982177734
99:21-03-2021:0,18,0.5,0.0025360584259033203
182:18-01-2021:0,7,0.5,0.002198457717895508
330:15-12-2020:0,5,0.0,0.0025107860565185547
359:26-01-2021:0,13,0.0,0.0024061203002929688
722:01-05-2021:0,33,0.0,0.0035834312438964844
455:17-04-2021:0,4,0.5,0.002197265625
36:10-02-2021:0,20,0.5,0.003680706024169922
216:04-01-2021:0,28,0.0,0.0030145645141601562
334:20-05-2021:0,23,0.0,0.0027518272399902344
459:20-08-2020:0,2,0.5,0.0021789073944091797
729:11-11-2020:0,1,0.5,0.0021140575408935547
252:19-10-2020:0,42,0.0,0.004224061965942383
547+761,179,1.0,0.08803820610046387
719:19-02-2021:0,21,0.0,0.003145933151245117
78:19-11-2020:0,7,0.5,0.002380847930908203
614:11-03-2020:0,8,0.5,0.0022237300872802734
373:13-04-2021:0,2,0.5,0.0021848678588867188
32:02-06-2020:0,25,0.0,0.002950429916381836
576:02-08-2020:0,2,0.5,0.002181529998779297
981:07-06-2021:1,1,0.5,0.002171039581298828
35+934,192,1.0,0.11187005043029785
45:06-04-2020:0,3,0.5,0.002542257308959961
982:12-06-2021:1,10,0.0,0.0024209022521972656
653:10-08-2020:0,48,0.0,0.005062103271484375
799:21-06-2021:1,8,0.0,0.002279043197631836
356:14-01-2021:0,2,0.5,0.002155780792236328
718:20-06-2021:0,9,0.0,0.0022623538970947266
397:01-10-2020:0,9,0.5,0.0022411346435546875
221:06-02-2021:0,3,0.5,0.002138376235961914
965:17-06-2021:1,2,0.5,0.002170562744140625
73:25-06-2021:0,7,0.0,0.0022547245025634766
107:08-08-2020:0,41,0.0,0.004111528396606445
528:15-03-2021:0,0,0.5,0.0021660327911376953
571:18-12-2020:0,8,0.5,0.002197265625
697:21-07-2020:0,48,0.0,0.005306720733642578
853:06-01-2021:1,60,0.0,0.007154703140258789
830:17-04-2021:1,1,0.5,0.002202749252319336
813:20-04-2021:1,19,0.0,0.002557039260864258
593:04-06-2021:0,11,0.0,0.0022933483123779297
132:21-06-2021:0,0,0.5,0.0021698474884033203
484:02-06-2020:0,1,0.5,0.0020978450775146484
886:06-01-2021:1,19,0.0,0.0026826858520507812
228:28-01-2021:0,20,0.0,0.0026595592498779297
541:15-05-2021:0,29,0.0,0.0031027793884277344
243:31-10-2020:0,1,0.5,0.0022079944610595703
66:07-06-2021:0,29,0.0,0.0031251907348632812
897:20-01-2021:1,60,0.0,0.0073451995849609375
933:25-12-2020:1,78,0.0,0.01218867301940918
945:20-11-2020:1,85,0.0,0.014725685119628906
251:14-06-2021:0,9,0.0,0.0023975372314453125
613:08-06-2021:0,10,0.0,0.0022792816162109375
567:27-09-2020:0,0,0.5,0.0022017955780029297
316:15-05-2021:0,29,0.0,0.0032651424407958984
389:18-04-2020:0,37,0.0,0.00406336784362793
687:10-04-2021:0,39,0.0,0.007002592086791992
489+883,180,1.0,0.09518909454345703
519:15-06-2021:0,12,0.5,0.0027170181274414062
435:16-02-2021:0,11,0.0,0.0024886131286621094
388:01-02-2021:0,0,0.5,0.002141237258911133
721:09-08-2020:0,14,0.5,0.002382040023803711
747:18-03-2020:0,8,0.5,0.0023040771484375
139:13-03-2021:0,20,0.5,0.0026814937591552734
283:30-06-2021:0,2,0.5,0.002190113067626953
998:17-03-2021:1,20,0.0,0.0027806758880615234
113:13-11-2020:0,18,0.0,0.0025343894958496094
468:05-09-2020:0,11,0.5,0.002297639846801758
797:11-04-2021:1,2,0.5,0.0021295547485351562
140:10-07-2020:0,50,0.0,0.0052759647369384766
34+217,161,1.0,0.06413125991821289
31:19-03-2021:0,3,0.0,0.002612590789794922
923+225,150,1.0,0.05615067481994629
806:04-04-2021:1,10,0.0,0.0027322769165039062
947:09-05-2021:1,19,0.0,0.0026254653930664062
655:28-07-2020:0,0,0.5,0.002177715301513672
552:06-02-2021:0,8,0.5,0.002254486083984375
21:19-08-2020:0,20,0.5,0.0025832653045654297
520:30-01-2021:0,24,0.0,0.002831697463989258
12+693,167,1.0,0.0798945426940918
208:06-06-2021:0,4,0.0,0.002698183059692383
606:18-11-2020:0,22,0.0,0.0027594566345214844
639:28-10-2020:0,29,0.0,0.0031337738037109375
851:25-04-2021:1,1,0.5,0.0022635459899902344
907:26-02-2021:1,12,0.0,0.0023832321166992188
328:08-04-2021:0,20,0.0,0.0026853084564208984
263:08-10-2020:0,3,0.5,0.0021331310272216797
749:25-12-2020:0,28,0.0,0.0031096935272216797
839:02-03-2021:1,16,0.0,0.0024843215942382812
483:15-03-2021:0,20,0.0,0.0025682449340820312
746:25-10-2020:0,6,0.5,0.0022430419921875
310:16-05-2021:0,13,0.0,0.002384185791015625
195:19-06-2021:0,8,0.0,0.002221345901489258
708:28-10-2020:0,30,0.0,0.003221750259399414
303:20-02-2021:0,19,0.0,0.002573728561401367
911:18-05-2021:1,1,0.5,0.0021982192993164062
951:28-12-2020:1,30,0.0,0.0034339427947998047
913+303,174,0.8595052688302575,0.07917571067810059
970:30-12-2020:1,32,0.0,0.003893613815307617
291:25-08-2020:0,4,0.5,0.0022034645080566406
122:12-11-2020:0,65,0.0,0.008392095565795898
620:06-04-2021:0,6,0.0,0.0022325515747070312
761:25-03-2021:1,25,0.0,0.0029268264770507812
43:23-01-2021:0,9,0.0,0.002248048782348633
757+179,153,0.813984864679775,0.12146949768066406
478:11-04-2021:0,21,0.5,0.003099203109741211
715:04-12-2020:0,16,0.0,0.002560853958129883
109+934,203,1.0,0.12075996398925781
46:09-03-2021:0,4,0.5,0.0027685165405273438
285:27-12-2020:0,28,0.0,0.003216266632080078
229:01-04-2021:0,9,0.5,0.002290964126586914
627:27-03-2020:0,22,0.0,0.0028536319732666016
412:02-01-2021:0,9,0.0,0.002336740493774414
279:16-09-2020:0,24,0.0,0.0028314590454101562
595:15-05-2021:0,11,0.5,0.002476930618286133
737:17-12-2020:0,21,0.0,0.002719879150390625
985:17-06-2021:1,2,0.5,0.0021359920501708984
124:24-08-2020:0,8,0.0,0.002385854721069336
976:09-05-2021:1,18,0.0,0.0024938583374023438
275:07-11-2020:0,1,0.5,0.0022058486938476562
430:23-01-2021:0,42,0.5,0.004500389099121094
7:23-11-2020:0,39,0.0,0.003961324691772461
357:26-03-2021:0,39,0.0,0.004255533218383789
816:22-05-2021:1,20,0.0,0.0027589797973632812
249:22-10-2020:0,18,0.0,0.0026030540466308594
810:23-06-2021:1,10,0.0,0.0023453235626220703
153:01-08-2020:0,48,0.0,0.005128383636474609
757:05-02-2021:1,1,0.5,0.002215862274169922
665:01-07-2021:0,2,0.5,0.002202272415161133
134:31-01-2021:0,42,0.5,0.004376411437988281
111:13-12-2020:0,15,0.0,0.0024666786193847656
408:18-05-2021:0,12,0.0,0.0024683475494384766
411:27-04-2021:0,0,0.5,0.0021376609802246094
670:18-05-2021:0,29,0.0,0.003217935562133789
702:13-09-2020:0,44,0.0,0.004600048065185547
589:10-05-2021:0,13,0.0,0.0024518966674804688
414:11-03-2021:0,20,0.5,0.002666950225830078
416:05-06-2020:0,35,0.0,0.003612041473388672
240:02-04-2020:0,6,0.5,0.0022771358489990234
238:05-01-2021:0,27,0.0,0.0030617713928222656
577:25-06-2021:0,11,0.0,0.0023124217987060547
755:06-02-2021:1,38,0.0,0.003993988037109375
196:16-09-2020:0,0,0.5,0.0022377967834472656
867:02-04-2021:1,26,0.0,0.005397319793701172
594:08-09-2020:0,3,0.5,0.0022139549255371094
881:20-12-2020:1,78,0.0,0.012569427490234375
420:21-11-2020:0,31,0.0,0.003265380859375
922:02-04-2021:1,9,0.5,0.0023255348205566406
691:30-11-2020:0,8,0.5,0.0023157596588134766
937:04-05-2021:1,11,0.5,0.0024013519287109375
796:02-04-2021:1,2,0.5,0.002177000045776367
160:18-01-2021:0,9,0.5,0.002316713333129883
322:03-04-2021:0,39,0.0,0.004198312759399414
720:07-08-2020:0,20,0.5,0.002615213394165039
931:27-02-2021:1,20,0.0,0.002695322036743164
996:17-06-2021:1,3,0.5,0.0022377967834472656
574:10-08-2020:0,29,0.0,0.0031032562255859375
28:24-07-2020:0,32,0.0,0.003384113311767578
534:14-12-2020:0,1,0.5,0.002204418182373047
190:07-05-2020:0,10,0.5,0.0023169517517089844
329:27-09-2020:0,1,0.5,0.002224445343017578
900:07-06-2021:1,18,0.0,0.0025861263275146484
733:24-08-2020:0,12,0.0,0.002346038818359375
580:25-02-2021:0,19,0.0,0.002711057662963867
91:21-02-2021:0,3,0.5,0.0021855831146240234
818:20-04-2021:1,26,0.0,0.0030698776245117188
843:14-01-2021:1,27,0.0,0.003275632858276367
22:09-08-2020:0,3,0.5,0.0022156238555908203
804:30-03-2021:1,4,0.5,0.0022017955780029297
58:15-04-2021:0,8,0.0,0.0022687911987304688
904:10-05-2021:1,19,0.0,0.0025780200958251953
166:04-06-2020:0,8,0.0,0.0022726058959960938
54:02-12-2020:0,8,0.5,0.0022368431091308594
710:05-09-2020:0,11,0.5,0.0023581981658935547
791:01-05-2021:1,1,0.5,0.002120494842529297
961:18-05-2021:1,1,0.5,0.002150297164916992
159:27-10-2020:0,45,0.0,0.005681276321411133
375:17-02-2021:0,1,0.5,0.0022330284118652344
188:18-12-2020:0,1,0.5,0.0021903514862060547
884:04-05-2021:1,18,0.0,0.0025539398193359375
912:28-04-2021:1,1,0.5,0.002207040786743164
581:03-03-2021:0,20,0.0,0.002649545669555664
394:13-12-2020:0,18,0.0,0.0025818347930908203
23:18-10-2020:0,6,0.5,0.002273082733154297
39:15-01-2021:0,5,0.5,0.0021889209747314453
582:07-11-2020:0,47,0.0,0.0049381256103515625
845:12-02-2021:1,7,0.0,0.002312898635864258
929:06-04-2021:1,10,0.0,0.002335786819458008
812:20-05-2021:1,1,0.5,0.0021572113037109375
673+366,202,1.0,0.1267549991607666
562:29-06-2021:0,6,0.0,0.002649068832397461
835:28-01-2021:1,3,0.5,0.0023131370544433594
956:14-02-2021:1,65,0.0,0.008476972579956055
454:02-01-2021:0,28,0.0,0.003204345703125
925:11-03-2021:1,11,0.0,0.0023393630981445312
147:13-07-2020:0,15,0.5,0.0024001598358154297
49:20-02-2021:0,14,0.0,0.002422332763671875
155:20-04-2021:0,1,0.5,0.0021550655364990234
978:28-02-2021:1,3,0.5,0.0022132396697998047
878:22-03-2021:1,56,0.0,0.006356716156005859
405:05-07-2020:0,10,0.5,0.002367258071899414
470:04-08-2020:0,48,0.0,0.0050640106201171875
637:07-09-2020:0,9,0.0,0.0024008750915527344
829:25-03-2021:1,9,0.5,0.0024518966674804688
518:30-10-2020:0,22,0.0,0.002730131149291992
837:13-03-2021:1,7,0.0,0.0023627281188964844
568:29-06-2020:0,31,0.0,0.0033216476440429688
495:09-09-2020:0,24,0.0,0.002824544906616211
954:08-06-2021:1,10,0.0,0.0023577213287353516
819:23-06-2021:1,8,0.0,0.002263307571411133
306:11-10-2020:0,18,0.0,0.0025086402893066406
617:11-02-2021:0,2,0.5,0.002210855484008789
939:14-05-2021:1,2,0.5,0.002142190933227539
740:28-05-2021:0,5,0.5,0.002183198928833008
542:12-05-2021:0,29,0.0,0.0031027793884277344
896:01-01-2021:1,78,0.0,0.011930704116821289
549:19-12-2020:0,8,0.0,0.0023741722106933594
532:06-04-2021:0,11,0.0,0.0023887157440185547
457:21-12-2020:0,27,0.5,0.00295257568359375
262:26-10-2020:0,15,0.5,0.002476930618286133
725:25-05-2020:0,7,0.5,0.002421140670776367
158:16-06-2021:0,7,0.0,0.002237558364868164
193:10-09-2020:0,2,0.5,0.002193927764892578
75:04-07-2020:0,50,0.0,0.0054473876953125
645:20-08-2020:0,24,0.0,0.0029642581939697266
834:19-04-2021:1,5,0.5,0.0022211074829101562
465:07-06-2021:0,29,0.0,0.003204345703125
735:23-09-2020:0,30,0.0,0.0033669471740722656
214:08-07-2020:0,30,0.0,0.003277301788330078
227:24-04-2021:0,0,0.5,0.0021371841430664062
493:15-05-2020:0,4,0.5,0.002229928970336914
586:17-03-2020:0,15,0.0,0.002470731735229492
219:15-09-2020:0,32,0.0,0.0059413909912109375
427:22-06-2021:0,0,0.5,0.002246856689453125
767:16-06-2021:1,5,0.5,0.0022017955780029297
826:27-05-2021:1,15,0.5,0.0024695396423339844
110:24-03-2021:0,12,0.0,0.0023522377014160156
469:24-09-2020:0,9,0.5,0.0023224353790283203
133:23-04-2021:0,14,0.5,0.0023903846740722656
260:15-02-2021:0,17,0.0,0.002522706985473633
895:23-03-2021:1,8,0.5,0.0022945404052734375
96:14-05-2021:0,29,0.0,0.0031414031982421875
800:11-01-2021:1,78,0.0,0.012458562850952148
854:19-05-2021:1,21,0.0,0.002831697463989258
553:08-10-2020:0,37,0.0,0.003745555877685547
496:18-11-2020:0,8,0.0,0.0023076534271240234
50:05-02-2021:0,10,0.5,0.0023458003997802734
288:28-03-2021:0,12,0.0,0.0023610591888427734
398:13-02-2021:0,3,0.5,0.0022242069244384766
573:30-03-2021:0,1,0.5,0.0021169185638427734
565:07-07-2020:0,11,0.0,0.0023326873779296875
932:27-06-2021:1,11,0.0,0.0023651123046875
515:27-06-2020:0,41,0.0,0.005148172378540039
307:03-04-2020:0,16,0.0,0.0024542808532714844
258:13-11-2020:0,8,0.5,0.0023033618927001953
117:19-01-2021:0,1,0.5,0.0021746158599853516
177:15-02-2021:0,17,0.0,0.002601146697998047
560:22-02-2021:0,2,0.5,0.0021767616271972656
855:27-06-2021:1,12,0.0,0.002367258071899414
183:25-08-2020:0,1,0.5,0.002269268035888672
51:05-12-2020:0,8,0.5,0.0022003650665283203
174:28-04-2020:0,5,0.5,0.002216815948486328
318:04-02-2021:0,20,0.0,0.0026807785034179688
461:13-08-2020:0,48,0.0,0.005178213119506836
218:26-05-2021:0,13,0.0,0.0024046897888183594
377:06-08-2020:0,14,0.5,0.002437591552734375
8:18-11-2020:0,7,0.5,0.00225067138671875
592:30-07-2020:0,24,0.0,0.0028464794158935547
300:28-04-2021:0,13,0.0,0.0024483203887939453
857:10-03-2021:1,64,0.0,0.008836507797241211
989:15-04-2021:1,19,0.0,0.0026993751525878906
605:03-08-2020:0,4,0.5,0.0022063255310058594
410+998,177,0.8851152881043683,0.0910944938659668
685:10-11-2020:0,45,0.0,0.00512242317199707
137:14-09-2020:0,42,0.0,0.0043985843658447266
409:13-11-2020:0,17,0.0,0.0025396347045898438
429:16-06-2020:0,6,0.5,0.002240419387817383
684:04-09-2020:0,3,0.5,0.002160310745239258
778:15-12-2020:1,0,0.5,0.00215911865234375
536:08-11-2020:0,22,0.0,0.002803802490234375
539:29-06-2020:0,31,0.0,0.0032863616943359375
923:21-12-2020:1,30,0.0,0.0033249855041503906
626:23-03-2021:0,9,0.0,0.0022776126861572266
822:28-01-2021:1,19,0.0,0.0025632381439208984
178:04-07-2020:0,40,0.0,0.0041656494140625
915:10-04-2021:1,4,0.5,0.002216815948486328
264:28-01-2021:0,36,0.0,0.003811359405517578
453:28-06-2021:0,4,0.0,0.0021843910217285156
327:15-02-2021:0,3,0.5,0.0022034645080566406
24:31-10-2020:0,70,0.0,0.009520530700683594
371:06-06-2020:0,16,0.0,0.00251007080078125
533:07-06-2020:0,2,0.5,0.002192258834838867
148:25-02-2021:0,2,0.5,0.002199411392211914
690:13-02-2021:0,6,0.5,0.002221822738647461
623:23-05-2021:0,16,0.0,0.0024552345275878906
957:26-04-2021:1,1,0.5,0.0021774768829345703
123:04-09-2020:0,8,0.5,0.0022504329681396484
485:26-02-2021:0,11,0.0,0.002306699752807617
510:08-09-2020:0,24,0.0,0.002905130386352539
242:24-02-2021:0,20,0.0,0.002599477767944336
621:19-01-2021:0,16,0.0,0.0025115013122558594
706:08-05-2021:0,14,0.0,0.004378557205200195
866:18-01-2021:1,78,0.0,0.012407541275024414
125:06-03-2021:0,9,0.0,0.0024585723876953125
5:19-06-2021:0,10,0.0,0.002328157424926758
517:02-06-2020:0,50,0.0,0.005509376525878906
68:04-06-2020:0,8,0.0,0.0022428035736083984
681:22-04-2021:0,14,0.5,0.002439737319946289
180:05-11-2020:0,25,0.5,0.0029211044311523438
782:31-12-2020:1,78,0.0,0.01271677017211914
164:19-03-2021:0,9,0.0,0.0025043487548828125
787:09-02-2021:1,24,0.0,0.0029408931732177734
204:04-01-2021:0,25,0.0,0.0029401779174804688
326:22-03-2021:0,11,0.0,0.002450227737426758
807:22-04-2021:1,9,0.5,0.0023026466369628906
844:10-03-2021:1,10,0.0,0.002340078353881836
990:16-03-2021:1,65,0.0,0.009204864501953125
599:05-03-2020:0,6,0.5,0.002273082733154297
795:10-11-2020:1,85,0.0,0.014902591705322266
727:13-05-2021:0,3,0.5,0.0022623538970947266
788:22-06-2021:1,5,0.5,0.002232074737548828
974:03-04-2021:1,13,0.0,0.002373218536376953
47:18-05-2021:0,0,0.5,0.0021255016326904297
97:13-07-2020:0,29,0.0,0.003104686737060547
340:16-05-2021:0,14,0.5,0.0024099349975585938
588:24-02-2021:0,1,0.5,0.002140522003173828
657+284,158,0.7283148351533636,0.06836056709289551
120:10-12-2020:0,42,0.0,0.004763126373291016
224:01-07-2021:0,10,0.0,0.0023925304412841797
944:13-04-2021:1,19,0.0,0.0026781558990478516
676:03-05-2021:0,21,0.0,0.0027008056640625
407:04-01-2021:0,16,0.0,0.002454519271850586
926:26-06-2021:1,10,0.0,0.0022630691528320312
441:08-10-2020:0,8,0.0,0.0022268295288085938
630:08-07-2020:0,9,0.5,0.002270221710205078
355:20-06-2020:0,23,0.0,0.002769947052001953
464:28-06-2021:0,3,0.5,0.002133607864379883
713:09-01-2021:0,18,0.0,0.002602815628051758
780:26-01-2021:1,78,0.0,0.011755704879760742
209:15-09-2020:0,2,0.5,0.002242565155029297
61:07-02-2021:0,8,0.5,0.00234222412109375
143:16-09-2020:0,16,0.0,0.0024902820587158203
149:06-03-2020:0,7,0.5,0.0021834373474121094
70:01-10-2020:0,16,0.0,0.0025124549865722656
290:27-11-2020:0,8,0.5,0.002184152603149414
60:19-01-2021:0,36,0.0,0.003825664520263672
287:05-08-2020:0,31,0.0,0.003264188766479492
460:01-06-2020:0,41,0.0,0.004274845123291016
492:28-01-2021:0,7,0.5,0.002239227294921875
550:20-12-2020:0,21,0.0,0.0026526451110839844
764:31-01-2021:1,7,0.0,0.0022554397583007812
984:06-03-2021:1,17,0.0,0.0025212764739990234
696:26-12-2020:0,5,0.5,0.0021665096282958984
743:20-06-2021:0,25,0.0,0.0028955936431884766
921:28-01-2021:1,27,0.0,0.0030672550201416016
72:20-10-2020:0,90,0.0,0.01894402503967285
841:10-06-2021:1,1,0.5,0.0023241043090820312
281:16-04-2021:0,39,0.0,0.0041484832763671875
242+585,161,1.0,0.06517171859741211
879:27-04-2021:1,18,0.0,0.002981901168823242
76:05-01-2021:0,0,0.5,0.0021622180938720703
205:27-09-2020:0,9,0.5,0.002225637435913086
619:19-12-2020:0,49,0.0,0.005142688751220703
308:20-03-2021:0,20,0.5,0.002613544464111328
424:30-04-2021:0,1,0.5,0.0021712779998779297
609:01-05-2021:0,2,0.5,0.0021173954010009766
742:20-02-2021:0,25,0.0,0.003019571304321289
16:28-07-2020:0,21,0.0,0.0026831626892089844
317:28-01-2021:0,6,0.5,0.002188444137573242
396:13-04-2021:0,2,0.5,0.003653287887573242
232:04-12-2020:0,2,0.5,0.002119302749633789
254:14-07-2020:0,15,0.5,0.0024030208587646484
529:13-03-2020:0,8,0.5,0.0022428035736083984
668:07-06-2020:0,50,0.0,0.005354404449462891
811:07-03-2021:1,13,0.0,0.002379179000854492
246:19-09-2020:0,24,0.0,0.002791166305541992
88:21-06-2020:0,0,0.5,0.0021479129791259766
85:06-12-2020:0,4,0.0,0.002168416976928711
372:10-06-2020:0,6,0.5,0.0021979808807373047
717+703,152,0.791043277897204,0.06333112716674805
764+498,175,0.8780007702113215,0.08207321166992188
715+277,185,1.0,0.09800982475280762
438:12-08-2020:0,31,0.0,0.0038666725158691406
55:31-01-2021:0,13,0.5,0.0024650096893310547
289:01-06-2021:0,11,0.5,0.0026121139526367188
602:30-09-2020:0,8,0.0,0.0025441646575927734
948:04-06-2021:1,3,0.5,0.002278566360473633
570:27-12-2020:0,21,0.0,0.0027408599853515625
365:28-06-2020:0,31,0.0,0.003365039825439453
393:21-03-2021:0,7,0.0,0.00225830078125
433:05-11-2020:0,10,0.0,0.0024971961975097656
601:01-08-2020:0,3,0.5,0.0022428035736083984
511:06-07-2020:0,0,0.5,0.0021669864654541016
400:19-12-2020:0,2,0.5,0.0022230148315429688
666:01-11-2020:0,42,0.0,0.0043451786041259766
167:16-06-2021:0,3,0.5,0.0022902488708496094
777:12-03-2021:1,5,0.5,0.002267599105834961
361:13-02-2020:0,6,0.5,0.0022296905517578125
346:01-06-2021:0,29,0.0,0.0032265186309814453
436:17-09-2020:0,2,0.5,0.002229452133178711
635:29-09-2020:0,8,0.0,0.002393484115600586
779:28-06-2021:1,8,0.0,0.002418041229248047
658:12-04-2021:0,9,0.0,0.002299070358276367
382:21-12-2020:0,28,0.0,0.003163576126098633
381:28-05-2021:0,29,0.0,0.0032181739807128906
769:26-04-2021:1,4,0.5,0.002285480499267578
847:26-05-2021:1,10,0.0,0.002285003662109375
864:08-06-2021:1,11,0.0,0.0023910999298095703
406:05-11-2020:0,7,0.5,0.002226114273071289
527:20-04-2021:0,3,0.5,0.0022766590118408203
703:15-02-2021:0,27,0.0,0.0030350685119628906
555:26-08-2020:0,4,0.5,0.0021860599517822266
566:02-11-2020:0,18,0.0,0.0026068687438964844
607:20-08-2020:0,8,0.0,0.002340078353881836
971:14-04-2021:1,3,0.5,0.002219676971435547
513:14-10-2020:0,20,0.0,0.002702474594116211
37:22-07-2020:0,0,0.5,0.002227783203125
428:22-07-2020:0,29,0.0,0.0033080577850341797
872:30-05-2021:1,3,0.5,0.002227306365966797
404:27-10-2020:0,1,0.5,0.0023283958435058594
299:04-09-2020:0,1,0.5,0.002229452133178711
448:27-11-2020:0,42,0.0,0.004336118698120117
273:29-06-2020:0,28,0.0,0.0031092166900634766
401:16-11-2020:0,65,0.0,0.010591983795166016
950:27-03-2021:1,2,0.5,0.0022323131561279297
891:13-06-2021:1,2,0.5,0.0021970272064208984
352:08-06-2021:0,10,0.0,0.0022873878479003906
374:13-10-2020:0,10,0.5,0.0022809505462646484
604:09-06-2020:0,16,0.0,0.0024154186248779297
282:12-03-2020:0,22,0.0,0.002763509750366211
819+600,222,0.9999999999999999,0.15191054344177246
198:27-08-2020:0,41,0.0,0.0046825408935546875
587:17-05-2020:0,1,0.5,0.0023784637451171875
9:27-09-2020:0,2,0.5,0.002156972885131836
338:03-02-2021:0,13,0.0,0.0023686885833740234
868:31-03-2021:1,9,0.0,0.0023889541625976562
347:22-09-2020:0,13,0.0,0.002373933792114258
474:19-12-2020:0,6,0.5,0.0021820068359375
269:20-02-2021:0,21,0.0,0.0026535987854003906
885:05-02-2021:1,56,0.0,0.006466388702392578
231:06-10-2020:0,9,0.0,0.002254486083984375
101:21-05-2021:0,24,0.0,0.0028650760650634766
551:09-01-2021:0,8,0.0,0.002268552780151367
103:22-06-2021:0,3,0.5,0.0021238327026367188
333:08-05-2021:0,2,0.5,0.002138853073120117
909:01-06-2021:1,11,0.0,0.002293825149536133
370:31-10-2020:0,7,0.5,0.002234220504760742
772:14-05-2021:1,9,0.5,0.0025501251220703125
753:14-02-2021:1,65,0.0,0.012865304946899414
466:25-06-2020:0,2,0.5,0.0023894309997558594
959:10-05-2021:1,9,0.5,0.0023221969604492188
516:10-06-2021:0,9,0.0,0.002219676971435547
128:25-04-2021:0,47,0.0,0.005139350891113281
773:27-03-2021:1,1,0.5,0.002150297164916992
991:29-01-2021:1,18,0.0,0.002553701400756836
673:25-06-2021:0,7,0.0,0.0021581649780273438
302:28-04-2021:0,7,0.0,0.0022459030151367188
479:29-11-2020:0,11,0.0,0.0023047924041748047
3+730,161,1.0,0.06757950782775879
14:22-09-2020:0,11,0.0,0.0027048587799072266
521:04-08-2020:0,10,0.5,0.002335071563720703
274:22-06-2021:0,3,0.5,0.002162933349609375
226:29-07-2020:0,10,0.5,0.002263784408569336
44:18-03-2021:0,1,0.5,0.0021440982818603516
579:29-03-2021:0,9,0.5,0.002245664596557617
776:08-06-2021:1,2,0.5,0.0021338462829589844
171:11-05-2020:0,0,0.5,0.0021162033081054688
437:26-10-2020:0,17,0.0,0.0025169849395751953
241:26-08-2020:0,24,0.0,0.002825498580932617
200:04-02-2021:0,21,0.0,0.002667665481567383
848:20-02-2021:1,65,0.0,0.008435249328613281
680:12-12-2020:0,8,0.5,0.002318859100341797
268:12-12-2020:0,12,0.5,0.002306222915649414
294:02-02-2021:0,18,0.0,0.002620220184326172
425:12-07-2020:0,48,0.0,0.0051424503326416016
814:21-06-2021:1,3,0.0,0.0021500587463378906
628:10-10-2020:0,70,0.0,0.009628772735595703
700:28-10-2020:0,45,0.0,0.004720926284790039
875+813,19,0.7211247851537042,0.0026602745056152344
26:27-04-2021:0,21,0.0,0.0027196407318115234
63:05-06-2021:0,19,0.0,0.00255584716796875
253:28-04-2021:0,22,0.0,0.0027227401733398438
786:31-01-2021:1,27,0.0,0.003047943115234375
197:16-11-2020:0,52,0.0,0.007946491241455078
675:03-06-2020:0,50,0.0,0.005491971969604492
901:13-04-2021:1,2,0.5,0.0021829605102539062
203:26-03-2021:0,4,0.0,0.00217437744140625
257:21-06-2020:0,11,0.5,0.0022890567779541016
443:05-08-2020:0,40,0.0,0.004183292388916016
25:06-07-2020:0,41,0.0,0.004410505294799805
983:05-06-2021:1,9,0.0,0.0022330284118652344
323:05-07-2020:0,48,0.0,0.005858898162841797
538:30-06-2021:0,11,0.0,0.00234222412109375
877:12-05-2021:1,31,0.0,0.003282308578491211
683:27-03-2021:0,20,0.0,0.002710580825805664
523:28-12-2020:0,25,0.0,0.0028638839721679688
873:18-04-2021:1,1,0.5,0.002136707305908203
744:29-04-2020:0,5,0.5,0.002186298370361328
831:10-03-2021:1,17,0.0,0.002497434616088867
734:21-10-2020:0,74,0.0,0.011865854263305664
422:12-06-2021:0,11,0.0,0.0024480819702148438
467:11-12-2020:0,1,0.5,0.002229928970336914
960+315,179,1.0,0.09290814399719238
924:22-03-2021:1,9,0.0,0.0026619434356689453
647:25-06-2021:0,13,0.0,0.002411365509033203
490:26-05-2021:0,8,0.0,0.0022208690643310547
126:24-04-2021:0,11,0.0,0.002324819564819336
68+234,38,0.7996238833484184,0.003916501998901367
741:20-08-2020:0,1,0.5,0.0022580623626708984
206:06-04-2021:0,16,0.5,0.002444744110107422
213:10-02-2021:0,20,0.5,0.00301361083984375
157:27-06-2020:0,35,0.0,0.003733396530151367
384:27-01-2021:0,42,0.5,0.0042874813079833984
440:17-02-2020:0,6,0.5,0.0022156238555908203
501:24-01-2021:0,25,0.0,0.0028672218322753906
679:31-01-2021:0,12,0.0,0.00234222412109375
480:02-11-2020:0,52,0.0,0.0056705474853515625
967:03-04-2021:1,10,0.0,0.002323150634765625
575:26-05-2020:0,19,0.0,0.002557992935180664
969:22-12-2020:1,22,0.0,0.002676248550415039
413:06-12-2020:0,22,0.0,0.0027227401733398438
840:17-04-2021:1,10,0.0,0.002466440200805664
146:06-09-2020:0,0,0.5,0.0020694732666015625
531:04-12-2020:0,40,0.0,0.00422978401184082
220:30-05-2021:0,1,0.5,0.002196788787841797
386:13-03-2021:0,15,0.0,0.0023746490478515625
354:06-06-2021:0,4,0.5,0.0022041797637939453
102:30-11-2020:0,0,0.5,0.002119779586791992
936:20-01-2021:1,27,0.0,0.003078937530517578
142:19-11-2020:0,19,0.0,0.004453420639038086
585:01-03-2021:0,11,0.0,0.002323150634765625
682:01-02-2021:0,21,0.0,0.002652883529663086
119:05-10-2020:0,44,0.0,0.004461765289306641
649:06-05-2021:0,17,0.0,0.0024862289428710938
728:06-03-2021:0,0,0.5,0.0021359920501708984
833:26-02-2021:1,16,0.0,0.0026068687438964844
294+752,166,0.8900475142457157,0.07120275497436523
783:11-05-2021:1,17,0.0,0.002913236618041992
784+657,183,0.9999999999999999,0.09656453132629395
225:27-12-2020:0,8,0.0,0.002704143524169922
35:21-06-2021:0,5,0.0,0.002228975296020508
154:13-06-2021:0,12,0.0,0.002341032028198242
611:06-05-2020:0,12,0.0,0.00231170654296875
817:17-03-2021:1,2,0.5,0.0021338462829589844
903:16-03-2021:1,65,0.0,0.008347749710083008
584:20-06-2021:0,1,0.5,0.002201080322265625
790:18-05-2021:1,10,0.5,0.0022690296173095703
1:03-04-2021:0,8,0.0,0.0022487640380859375
739:22-04-2020:0,2,0.5,0.0022628307342529297
74:18-03-2021:0,4,0.5,0.0021855831146240234
930:26-05-2021:1,13,0.0,0.00238037109375
283+980,234,1.0,0.1830282211303711
941:08-11-2020:1,85,0.0,0.014752388000488281
771:14-05-2021:1,12,0.5,0.0026459693908691406
192:17-03-2021:0,6,0.0,0.002312898635864258
913:14-02-2021:1,9,0.0,0.0023877620697021484
185:12-07-2020:0,10,0.5,0.002356290817260742
615:24-05-2021:0,12,0.0,0.0024323463439941406
376:24-09-2020:0,65,0.0,0.008504629135131836
186:10-07-2020:0,40,0.0,0.004158973693847656
794:26-01-2021:1,27,0.0,0.0030782222747802734
399:12-01-2021:0,5,0.5,0.0022182464599609375
12:12-06-2021:0,8,0.0,0.002206087112426758
410:15-03-2021:0,7,0.0,0.0022237300872802734
638:08-05-2020:0,17,0.0,0.002419710159301758
966:07-03-2021:1,10,0.0,0.0024259090423583984
968:25-04-2021:1,2,0.5,0.00213623046875
71:06-10-2020:0,5,0.5,0.0022735595703125
458:02-10-2020:0,3,0.5,0.002154111862182617
662:18-02-2021:0,4,0.5,0.0021407604217529297
882:29-06-2021:1,11,0.0,0.002357006072998047
887:17-05-2021:1,18,0.0,0.0025513172149658203
270:20-01-2021:0,16,0.0,0.0024628639221191406
100+589,61,0.7483193260378679,0.007633686065673828
955:25-04-2021:1,26,0.0,0.00302886962890625
805:24-06-2021:1,7,0.0,0.0021965503692626953
875:25-04-2021:1,18,0.0,0.002572774887084961
64:07-06-2020:0,6,0.5,0.002151012420654297
244:12-03-2021:0,12,0.0,0.0023419857025146484
93:03-05-2021:0,14,0.5,0.002461671829223633
90:23-03-2021:0,18,0.5,0.0024683475494384766
176:28-05-2020:0,3,0.5,0.002165555953979492
415:30-03-2020:0,6,0.5,0.0021619796752929688
211:12-05-2021:0,41,0.0,0.0042493343353271484
507:29-04-2020:0,22,0.0,0.002863168716430664
596:20-02-2021:0,1,0.5,0.0021164417266845703
559:31-05-2020:0,1,0.5,0.0021026134490966797
278:26-05-2021:0,25,0.0,0.002881765365600586
640:16-03-2021:0,8,0.5,0.002151966094970703
711:09-11-2020:0,11,0.0,0.002340078353881836
789:08-05-2021:1,1,0.5,0.0020987987518310547
631:24-06-2020:0,35,0.0,0.0035588741302490234
689:15-04-2021:0,1,0.5,0.0021522045135498047
736:26-10-2020:0,18,0.0,0.0025467872619628906
940:09-01-2021:1,78,0.0,0.011894941329956055
505:24-03-2021:0,9,0.5,0.0024847984313964844
850:30-05-2021:1,3,0.0,0.0022373199462890625
280:20-01-2021:0,8,0.5,0.002208709716796875
964+851,27,0.7508059570217344,0.0030603408813476562
898:30-06-2021:1,7,0.0,0.002185821533203125
130:27-10-2020:0,29,0.0,0.003140687942504883
362:01-03-2021:0,1,0.5,0.002183675765991211
781:15-03-2021:1,61,0.0,0.010944843292236328
980:25-06-2021:1,10,0.0,0.0023224353790283203
237:24-07-2020:0,10,0.5,0.0023369789123535156
335:01-02-2021:0,42,0.5,0.004240989685058594
449:22-02-2021:0,25,0.0,0.0029299259185791016
554:26-03-2021:0,0,0.5,0.0021440982818603516
418:14-10-2020:0,41,0.0,0.0041539669036865234
894:15-04-2021:1,2,0.5,0.00218963623046875
927:30-03-2021:1,17,0.0,0.0025048255920410156
336:27-03-2021:0,8,0.5,0.002223491668701172
235:23-11-2020:0,1,0.5,0.002110004425048828
824:01-05-2021:1,0,0.5,0.0021202564239501953
861:11-03-2021:1,20,0.0,0.0026416778564453125
497:10-06-2020:0,19,0.0,0.00331878662109375
486:15-10-2020:0,74,0.0,0.011547565460205078
11:19-11-2020:0,9,0.5,0.0023403167724609375
67:15-04-2021:0,1,0.5,0.002153635025024414
644:28-05-2020:0,5,0.5,0.002207517623901367
86:24-03-2021:0,0,0.5,0.002095460891723633
135:29-08-2020:0,4,0.5,0.0021560192108154297
210:03-01-2021:0,11,0.5,0.0023195743560791016
95:05-06-2021:0,24,0.0,0.0028429031372070312
315:23-04-2021:0,11,0.0,0.002404451370239258
502:27-04-2021:0,2,0.5,0.0021102428436279297
869:26-06-2021:1,10,0.0,0.0023186206817626953
929+301,183,0.9999999999999999,0.09895610809326172
935:25-05-2021:1,22,0.0,0.003183126449584961
277:29-11-2020:0,4,0.0,0.0022554397583007812
953:22-04-2021:1,16,0.0,0.002529621124267578
726:11-02-2021:0,5,0.5,0.0021674633026123047
964:25-04-2021:1,14,0.0,0.0024390220642089844
127:10-06-2021:0,6,0.0,0.0021560192108154297
556:30-10-2020:0,29,0.0,0.0031659603118896484
131:19-03-2021:0,6,0.0,0.002185821533203125
688:05-01-2021:0,6,0.0,0.0021893978118896484
136:29-04-2021:0,2,0.0,0.002187967300415039
173:04-03-2020:0,14,0.0,0.0023088455200195312
548:25-04-2021:0,4,0.0,0.0022737979888916016
756:06-04-2021:1,17,0.0,0.0024945735931396484
973:24-06-2021:1,10,0.0,0.0022394657135009766
477:07-07-2020:0,15,0.5,0.002485513687133789
494:23-01-2021:0,12,0.0,0.002318859100341797
716:13-11-2020:0,4,0.0,0.0022733211517333984
57:11-12-2020:0,6,0.5,0.002193927764892578
692:12-02-2021:0,2,0.5,0.0020804405212402344
910:01-05-2021:1,18,0.0,0.002615213394165039
301:08-04-2021:0,6,0.0,0.002180814743041992
563:07-05-2020:0,21,0.0,0.0026397705078125
207:31-08-2020:0,32,0.0,0.0032968521118164062
141:24-05-2021:0,29,0.0,0.003127574920654297
312:02-05-2021:0,0,0.5,0.0021157264709472656
181:11-02-2021:0,1,0.5,0.0021598339080810547
184:19-04-2020:0,2,0.5,0.0020983219146728516
363:14-04-2021:0,9,0.0,0.002303600311279297
648:28-06-2021:0,4,0.0,0.0020961761474609375
754:19-04-2021:1,9,0.5,0.0022368431091308594
473:25-06-2021:0,8,0.0,0.002248048782348633
893:13-01-2021:1,51,0.0,0.0057713985443115234
56:13-04-2021:0,3,0.5,0.002290010452270508
151:24-06-2021:0,2,0.5,0.002256631851196289
852:01-03-2021:1,5,0.5,0.0022215843200683594
616:05-12-2020:0,27,0.5,0.0028579235076904297
105:24-10-2020:0,16,0.0,0.002460479736328125
476:22-06-2021:0,12,0.0,0.0022966861724853516
217:02-06-2021:0,6,0.0,0.002221822738647461
345:09-10-2020:0,1,0.5,0.002093791961669922
499:09-09-2020:0,18,0.0,0.002515554428100586
809:18-06-2021:1,8,0.5,0.002310037612915039
958:24-02-2021:1,27,0.0,0.0029942989349365234
652:08-09-2020:0,1,0.5,0.0021758079528808594
963:30-03-2021:1,6,0.5,0.0021784305572509766
522:15-04-2021:0,14,0.5,0.0023682117462158203
520+786,167,1.0,0.07247614860534668
145:05-04-2021:0,11,0.0,0.0027234554290771484
583:14-12-2020:0,23,0.0,0.002866983413696289
597:24-06-2021:0,17,0.0,0.002521514892578125
80:10-12-2020:0,12,0.5,0.0025310516357421875
709:05-10-2020:0,16,0.5,0.0025005340576171875
784:15-02-2021:1,13,0.0,0.002447366714477539
846:25-06-2021:1,2,0.5,0.002211332321166992
874:26-12-2020:1,78,0.0,0.013612508773803711
481:18-02-2021:0,3,0.5,0.0022706985473632812
888:03-04-2021:1,10,0.5,0.0022916793823242188
890:03-06-2021:1,15,0.0,0.002434253692626953
738:31-08-2020:0,23,0.5,0.0027883052825927734
752:04-02-2021:1,19,0.0,0.0026292800903320312
798:29-01-2021:1,2,0.0,0.002192258834838867
975:11-04-2021:1,1,0.5,0.0021190643310546875
993:11-05-2021:1,19,0.0,0.0028226375579833984
792:01-06-2021:1,13,0.5,0.0023605823516845703
997:26-12-2020:1,78,0.0,0.012653350830078125
664:03-04-2021:0,1,0.5,0.0021750926971435547
920:09-12-2020:1,67,0.0,0.009701251983642578
212:15-05-2020:0,17,0.0,0.002550840377807617
509:26-04-2021:0,14,0.5,0.002421855926513672
115:05-05-2020:0,10,0.5,0.0022890567779541016
30:11-06-2021:0,12,0.0,0.0023658275604248047
387:22-04-2020:0,5,0.5,0.0023474693298339844
760:08-03-2021:1,7,0.0,0.002213716506958008
762:30-03-2021:1,3,0.5,0.002239704132080078
33:15-10-2020:0,65,0.0,0.009166717529296875
202:17-11-2020:0,11,0.5,0.002389669418334961
535:09-05-2021:0,7,0.0,0.002234220504760742
656:10-09-2020:0,11,0.5,0.0022919178009033203
774:25-12-2020:1,78,0.0,0.011655092239379883
849:14-06-2021:1,1,0.5,0.0021839141845703125
986:08-06-2021:1,11,0.0,0.0023202896118164062
142+235,251,0.9180619120481133,0.22364568710327148
138:03-11-2020:0,25,0.5,0.0033698081970214844
215:20-11-2020:0,9,0.5,0.0024971961975097656
863:21-06-2021:1,8,0.0,0.0022754669189453125
343+441,205,0.9077727924760103,0.12341475486755371
672:29-06-2020:0,41,0.0,0.004692554473876953
546:07-09-2020:0,42,0.0,0.004482746124267578
801:07-02-2021:1,13,0.0,0.002405881881713867
42:06-04-2021:0,21,0.5,0.0026171207427978516
447:26-06-2021:0,7,0.0,0.002306699752807617
2:11-03-2020:0,8,0.5,0.002180337905883789
651:18-05-2021:0,24,0.0,0.0028505325317382812
540:26-09-2020:0,9,0.5,0.002288341522216797
962:18-04-2021:1,3,0.5,0.0021543502807617188
632:03-08-2020:0,0,0.5,0.0021719932556152344
610:14-04-2020:0,7,0.0,0.002170085906982422
636:20-01-2021:0,1,0.5,0.0021820068359375
572:28-11-2020:0,0,0.5,0.002095937728881836
230:24-09-2020:0,13,0.0,0.002402067184448242
768:28-04-2021:1,19,0.0,0.0025551319122314453
170:30-11-2020:0,9,0.5,0.0022192001342773438
918:28-05-2021:1,20,0.0,0.0026557445526123047
995:08-03-2021:1,12,0.0,0.002419710159301758
305:29-02-2020:0,8,0.5,0.002286672592163086
686:08-06-2021:0,12,0.0,0.002359151840209961
319:20-01-2021:0,1,0.5,0.0020864009857177734
27+853,265,1.0,0.30440425872802734
259:27-09-2020:0,13,0.0,0.002973794937133789
426:03-06-2020:0,10,0.5,0.0025780200958251953
324:13-08-2020:0,41,0.0,0.004586219787597656
390:27-07-2020:0,10,0.5,0.002343416213989258
421:18-02-2021:0,2,0.5,0.0024995803833007812
385:27-05-2021:0,25,0.0,0.0030012130737304688
348:03-05-2021:0,14,0.0,0.0024566650390625
578:06-03-2021:0,0,0.5,0.0022220611572265625
506:11-01-2021:0,9,0.5,0.0023818016052246094
663:22-05-2021:0,15,0.0,0.0025327205657958984
642:25-05-2021:0,29,0.0,0.0032265186309814453
870:08-02-2021:1,19,0.0,0.002645730972290039
949:25-03-2021:1,16,0.0,0.002501249313354492
842:25-01-2021:1,68,0.0,0.009218692779541016
266:27-08-2020:0,0,0.5,0.002183675765991211
434:25-08-2020:0,3,0.5,0.00251007080078125
946:11-05-2021:1,10,0.5,0.0023546218872070312
732:10-05-2021:0,3,0.5,0.0022430419921875
487:18-11-2020:0,7,0.5,0.002341747283935547
775:23-12-2020:1,42,0.0,0.0046312808990478516
152:09-02-2021:0,10,0.5,0.0023326873779296875
557:05-04-2021:0,11,0.0,0.0024230480194091797
906:16-03-2021:1,10,0.5,0.002344846725463867
276:21-05-2021:0,13,0.0,0.002474069595336914
859:15-02-2021:1,58,0.0,0.006768941879272461
988:04-03-2021:1,9,0.0,0.0023314952850341797
699:14-05-2021:0,12,0.0,0.002376079559326172
168:13-05-2021:0,19,0.0,0.0025594234466552734
53:28-12-2020:0,9,0.5,0.002234935760498047
247:28-04-2021:0,24,0.0,0.0029549598693847656
69:07-10-2020:0,70,0.0,0.009761333465576172
695:17-03-2021:0,9,0.0,0.0023796558380126953
942:27-06-2021:1,8,0.5,0.002259969711303711
52:25-10-2020:0,3,0.5,0.0022172927856445312
62:07-05-2021:0,22,0.0,0.0027413368225097656
456:04-09-2020:0,24,0.0,0.002814054489135742
977:13-05-2021:1,19,0.0,0.0026018619537353516
463:11-12-2020:0,49,0.0,0.005212068557739258
759:07-12-2020:1,60,0.0,0.010994195938110352
678:15-06-2020:0,25,0.0,0.003013134002685547
233:26-10-2020:0,45,0.0,0.004660844802856445
292:22-03-2021:0,3,0.5,0.0021746158599853516
109:11-06-2021:0,20,0.0,0.002655029296875
892:06-06-2021:1,13,0.5,0.0023775100708007812
814+799,119,1.0,0.0321812629699707
321:17-02-2021:0,3,0.5,0.0024428367614746094
412+191,252,0.9599920794867479,0.21715116500854492
161:16-10-2020:0,90,0.0,0.020925045013427734
633:02-09-2020:0,3,0.5,0.002536773681640625
657:16-02-2021:0,24,0.0,0.0029723644256591797
446:08-06-2021:0,4,0.0,0.0022881031036376953
943:30-03-2021:1,25,0.0,0.0030975341796875
298:23-08-2020:0,2,0.5,0.002199411392211914
848+717,155,0.8615143658406216,0.1076669692993164
770:10-04-2021:1,26,0.0,0.003391742706298828
802:24-06-2021:1,0,0.5,0.0022101402282714844
625:30-06-2020:0,40,0.0,0.0041234493255615234
256:25-05-2021:0,24,0.0,0.0027840137481689453
239:22-03-2020:0,5,0.5,0.0021505355834960938
838:11-12-2020:1,29,0.5,0.003016948699951172
65:23-04-2021:0,8,0.0,0.002207040786743164
106:16-11-2020:0,15,0.5,0.0024347305297851562
121:28-05-2020:0,3,0.5,0.002109527587890625
344:02-05-2021:0,41,0.0,0.004200935363769531
194:12-06-2020:0,3,0.5,0.0023221969604492188
18:15-03-2021:0,11,0.0,0.002276182174682617
199:26-06-2020:0,10,0.5,0.002440214157104492
353:02-03-2021:0,28,0.0,0.007058382034301758
660:21-10-2020:0,9,0.0,0.0022308826446533203
19:18-12-2020:0,35,0.0,0.0036780834197998047
383:03-04-2021:0,8,0.0,0.002268075942993164
332:16-02-2021:0,4,0.5,0.002134561538696289
98:23-03-2021:0,11,0.0,0.0023255348205566406
837+760,32,1.0,0.0033762454986572266
451:26-05-2020:0,10,0.5,0.002225637435913086
983+313,192,0.8813206963835876,0.10995697975158691
745:26-09-2020:0,9,0.5,0.0027153491973876953
836:01-07-2021:1,10,0.0,0.002378702163696289
808:23-03-2021:1,10,0.0,0.0023453235626220703
30+983,192,1.0,0.10245442390441895
618:04-05-2020:0,37,0.0,0.0042552947998046875
498:05-02-2021:0,19,0.0,0.0026705265045166016
144:01-10-2020:0,13,0.0,0.0023851394653320312
127+208,14,1.0,0.0023412704467773438
379:30-05-2021:0,29,0.0,0.0031442642211914062
547:28-03-2021:0,9,0.0,0.002259492874145508
629:01-01-2021:0,49,0.0,0.005303859710693359
934:17-06-2021:1,10,0.0,0.002317667007446289
817+31,156,1.0,0.12098407745361328
395:20-06-2021:0,8,0.0,0.002765178680419922
815+853,102,0.5679544342539271,0.025387287139892578
471:13-01-2021:0,33,0.0,0.003884553909301758
6:16-06-2020:0,4,0.5,0.0022623538970947266
349:06-07-2020:0,11,0.5,0.0023746490478515625
40:26-09-2020:0,1,0.5,0.002226114273071289
530:19-12-2020:0,34,0.0,0.003545522689819336
919:29-01-2021:1,61,0.0,0.007714033126831055
994:30-04-2021:1,3,0.5,0.002347707748413086
104:16-08-2020:0,2,0.5,0.0021657943725585938
825:25-05-2021:1,31,0.0,0.00347900390625
475:16-06-2020:0,2,0.5,0.0022220611572265625
500:21-08-2020:0,48,0.0,0.00516200065612793
165:01-07-2021:0,0,0.5,0.002228975296020508
169:13-06-2020:0,2,0.5,0.0021538734436035156
234:01-06-2020:0,21,0.0,0.002661466598510742
311:09-05-2021:0,13,0.0,0.0024557113647460938
17:23-12-2020:0,6,0.5,0.004307985305786133
77:02-07-2021:0,11,0.0,0.0023322105407714844
79:04-04-2021:0,5,0.5,0.0023581981658935547
163:30-10-2020:0,18,0.0,0.002572774887084961
325:09-05-2021:0,7,0.0,0.0023713111877441406
191:01-01-2021:0,2,0.5,0.002171754837036133
543:01-03-2021:0,6,0.0,0.002229928970336914
669:02-06-2021:0,24,0.0,0.002911806106567383
865:18-12-2020:1,51,0.0,0.005705118179321289
230+635,71,1.0,0.01039743423461914
29:16-03-2021:0,16,0.0,0.0025861263275146484
271:15-02-2021:0,19,0.5,0.002575397491455078
856:05-04-2021:1,3,0.5,0.0021626949310302734
366:29-06-2021:0,4,0.0,0.0021452903747558594
452:16-06-2020:0,3,0.5,0.002230405807495117
439:23-04-2020:0,7,0.0,0.002205371856689453
250:26-08-2020:0,48,0.0,0.005218982696533203
928:10-12-2020:1,42,0.0,0.00514984130859375
705:26-05-2021:0,23,0.0,0.002809286117553711
871:14-06-2021:1,0,0.5,0.002148866653442383
475+497,103,1.0,0.021859407424926758
129:23-11-2020:0,1,0.5,0.002354860305786133
10:28-02-2021:0,1,0.5,0.0021796226501464844
731:10-11-2020:0,56,0.0,0.006543159484863281
236:05-01-2021:0,16,0.0,0.0026056766510009766
815:01-01-2021:1,22,0.0,0.0028030872344970703
296:01-05-2021:0,24,0.0,0.0028295516967773438
748:22-11-2020:0,9,0.5,0.0023047924041748047
339:26-02-2021:0,20,0.5,0.0026450157165527344
38:07-05-2021:0,2,0.5,0.0021626949310302734
999:24-03-2021:1,16,0.0,0.002450704574584961
704:07-03-2021:0,21,0.0,0.0026788711547851562
34:08-06-2021:0,14,0.0,0.002399444580078125
914:23-05-2021:1,11,0.0,0.0023310184478759766
187:08-10-2020:0,9,0.0,0.0021903514862060547
880:09-02-2021:1,41,0.0,0.005422115325927734
785:15-03-2021:1,13,0.0,0.0023949146270751953
320:16-11-2020:0,22,0.0,0.0027518272399902344
916:25-04-2021:1,7,0.0,0.0022284984588623047
590:07-04-2020:0,37,0.0,0.0038344860076904297
265:29-04-2021:0,9,0.0,0.0023102760314941406
858:12-02-2021:1,7,0.5,0.002159595489501953
905:10-03-2021:1,5,0.5,0.0021195411682128906
730:03-10-2020:0,18,0.0,0.0024929046630859375
41:03-12-2020:0,9,0.5,0.0021820068359375
724:11-05-2020:0,6,0.5,0.002137422561645508
701:07-09-2020:0,12,0.0,0.0023102760314941406
876:10-04-2021:1,19,0.0,0.0025854110717773438
432:11-07-2020:0,10,0.5,0.0021941661834716797
823:29-06-2021:1,2,0.5,0.0021505355834960938
512:27-04-2021:0,14,0.0,0.0024657249450683594
661:12-03-2021:0,7,0.0,0.002163410186767578
313:30-05-2021:0,12,0.0,0.0024497509002685547
488:01-07-2021:0,6,0.0,0.002869844436645508
343:09-10-2020:0,70,0.0,0.00973057746887207
600:29-06-2021:0,3,0.5,0.002207040786743164
677:21-01-2021:0,33,0.0,0.003486156463623047
83:04-09-2020:0,49,0.0,0.0059356689453125
650:25-04-2021:0,34,0.0,0.003618955612182617
272:31-01-2021:0,19,0.0,0.002597332000732422
27:09-01-2021:0,1,0.5,0.0021369457244873047
525:17-05-2020:0,17,0.0,0.002501249313354492
20:29-06-2020:0,28,0.0,0.0030851364135742188
622:10-08-2020:0,0,0.5,0.002154111862182617
659:24-07-2020:0,10,0.5,0.0023326873779296875
367:17-04-2021:0,21,0.5,0.0026483535766601562
445:20-05-2021:0,0,0.5,0.0022003650665283203
707:21-11-2020:0,23,0.0,0.002718210220336914
827:29-05-2021:1,7,0.5,0.0022208690643310547
442:30-09-2020:0,90,0.0,0.017330646514892578
48:17-06-2021:0,12,0.0,0.0024526119232177734
603:31-05-2021:0,3,0.5,0.002176046371459961
526:21-06-2021:0,11,0.0,0.0023674964904785156
256+847,203,0.9852970738874254,0.12591552734375
917:24-06-2021:1,9,0.0,0.0026879310607910156
591:11-04-2021:0,12,0.0,0.0023431777954101562
960:21-04-2021:1,10,0.0,0.0022721290588378906
248:27-02-2021:0,19,0.0,0.0025854110717773438
81:09-06-2020:0,5,0.5,0.0022132396697998047
331:03-04-2021:0,47,0.0,0.0051152706146240234
979:15-06-2021:1,10,0.0,0.002290964126586914
92:05-03-2021:0,20,0.0,0.002655506134033203
150:22-10-2020:0,7,0.5,0.002245187759399414
162:30-05-2021:0,11,0.0,0.0022821426391601562
503:29-09-2020:0,18,0.0,0.002583026885986328
514:24-02-2021:0,0,0.5,0.0022149085998535156
641:07-03-2021:0,21,0.0,0.0027246475219726562
419:23-03-2021:0,1,0.5,0.0021696090698242188
597+577,150,1.0,0.05700421333312988
763:19-06-2021:1,10,0.0,0.0026535987854003906
295:24-06-2020:0,28,0.0,0.0031380653381347656
654:21-01-2021:0,20,0.0,0.002664804458618164
108:24-09-2020:0,32,0.0,0.0033767223358154297
245:30-03-2020:0,4,0.5,0.0021538734436035156
360:01-02-2021:0,5,0.5,0.0021944046020507812
201:03-12-2020:0,8,0.5,0.0023255348205566406
82:24-12-2020:0,21,0.0,0.0026488304138183594
286:09-02-2021:0,22,0.0,0.002736330032348633
403:01-03-2021:0,1,0.5,0.0022454261779785156
821:02-03-2021:1,16,0.0,0.002449512481689453
267:02-04-2021:0,2,0.5,0.0021271705627441406
717:21-02-2021:0,19,0.0,0.002521514892578125
860:26-06-2021:1,2,0.5,0.002166271209716797
87:06-06-2021:0,24,0.0,0.002779722213745117
94:25-07-2020:0,23,0.0,0.002797365188598633
491:25-11-2020:0,9,0.5,0.0022559165954589844
972:23-02-2021:1,41,0.0,0.005624055862426758
255:15-09-2020:0,49,0.0,0.00523686408996582
337:05-05-2020:0,17,0.0,0.0025072097778320312
314:25-05-2020:0,7,0.5,0.002301454544067383
431:16-05-2021:0,16,0.0,0.0024116039276123047
750:23-03-2021:0,12,0.0,0.002407550811767578
765:12-03-2021:1,9,0.0,0.0022516250610351562
908:08-05-2021:1,2,0.5,0.0021626949310302734
992:01-04-2021:1,1,0.5,0.00209808349609375
472:02-11-2020:0,0,0.5,0.002203226089477539
698:11-02-2021:0,8,0.0,0.002239704132080078
561:25-06-2021:0,8,0.0,0.0022025108337402344
351:26-01-2021:0,10,0.5,0.0022957324981689453
714:24-12-2020:0,6,0.5,0.0021181106567382812
391:05-09-2020:0,19,0.0,0.002562284469604492
112:18-04-2021:0,14,0.5,0.0024602413177490234
368:21-02-2021:0,13,0.0,0.0023276805877685547
4:12-06-2020:0,5,0.5,0.0021996498107910156
712:22-12-2020:0,24,0.5,0.0026798248291015625
3:05-10-2020:0,37,0.0,0.0046160221099853516
417:10-07-2020:0,32,0.0,0.0034248828887939453
902:05-03-2021:1,1,0.5,0.002271413803100586
674:14-05-2021:0,13,0.0,0.0023021697998046875
766:14-06-2021:1,4,0.5,0.0022225379943847656
938:22-05-2021:1,18,0.0,0.002568483352661133
116:20-01-2021:0,10,0.5,0.002244710922241211
118:25-04-2021:0,14,0.5,0.00238037109375
889:31-05-2021:1,10,0.0,0.0022439956665039062
952:30-03-2021:1,64,0.0,0.008971214294433594
489:12-03-2021:0,6,0.0,0.002254962921142578
544:13-04-2020:0,2,0.5,0.002142667770385742
883:11-03-2021:1,20,0.0,0.0025665760040283203
538+805,247,1.0,0.21077609062194824
422+352,158,1.0,0.06526732444763184
364:24-10-2020:0,4,0.5,0.002633333206176758
504:24-07-2020:0,32,0.0,0.003451108932495117
524:15-09-2020:0,13,0.0,0.002653837203979492
494+677,33,0.8370053201915878,0.0034940242767333984
751:30-04-2020:0,11,0.5,0.0024335384368896484
693:07-06-2021:0,3,0.0,0.0023298263549804688
84:21-09-2020:0,8,0.0,0.002259492874145508
803:17-02-2021:1,12,0.0,0.002345561981201172
828:04-03-2021:1,41,0.0,0.004187345504760742
569:25-12-2020:0,31,0.0,0.003310680389404297
598:19-06-2020:0,25,0.0,0.002866983413696289
114:24-10-2020:0,1,0.5,0.002198934555053711
423:19-01-2021:0,16,0.0,0.0025365352630615234
793:10-03-2021:1,7,0.0,0.0022711753845214844
545:20-06-2020:0,4,0.5,0.002256155014038086
564:16-05-2020:0,41,0.0,0.0042111873626708984
15:15-03-2021:0,3,0.5,0.0021882057189941406
89:29-08-2020:0,48,0.0,0.005274772644042969
358:16-07-2020:0,41,0.0,0.004507303237915039
462:08-05-2021:0,13,0.5,0.002386808395385742
1000:04-04-2021:1,10,0.5,0.002279043197631836
987:12-06-2021:1,12,0.0,0.002295970916748047
189:19-08-2020:0,42,0.0,0.004285335540771484
156:06-05-2021:0,11,0.5,0.0022585391998291016
304:13-03-2021:0,4,0.0,0.0022590160369873047
392:10-04-2021:0,11,0.0,0.002212047576904297
634:31-03-2021:0,11,0.0,0.0022819042205810547
884+904,19,0.9999999999999999,0.0025255680084228516
369:10-03-2021:0,11,0.0,0.0023221969604492188
634+1,130,1.0,0.03795599937438965
402:10-11-2020:0,4,0.0,0.0024976730346679688
694:13-09-2020:0,19,0.0,0.0026531219482421875
350:25-07-2020:0,24,0.0,0.0029680728912353516
862:02-12-2020:1,78,0.0,0.012006282806396484
223:19-09-2020:0,8,0.0,0.0022907257080078125
671:29-12-2020:0,0,0.5,0.002169370651245117
832:21-05-2021:1,1,0.5,0.002115488052368164
558:17-08-2020:0,3,0.5,0.0021326541900634766
608:02-05-2021:0,0,0.5,0.002084970474243164
482:23-05-2020:0,14,0.0,0.0023355484008789062
59:05-12-2020:0,6,0.5,0.002184629440307617
222:26-01-2021:0,27,0.0,0.00305938720703125
378:25-03-2021:0,0,0.5,0.0021626949310302734
450:14-10-2020:0,6,0.5,0.0021514892578125
444:11-07-2020:0,48,0.0,0.0052073001861572266
643:10-07-2020:0,32,0.0,0.0033528804779052734
